CampaignKey,ProductKey,BookedUnits,AvailableUnits,ProductRevenue,ProductCost
CA00001,P003,11,12,29150.05,10812.65
CA00001,P002,24,27,47607.64,22909.40
CA00002,P005,14,17,139681.13,48940.30
CA00002,P006,12,12,24399.90,6936.00
CA00003,P007,15,20,12696.97,4280.25
CA00004,P001,23,27,29218.87,12742.66
CA00005,P001,6,7,8547.10,3709.46
CA00006,P007,7,8,10046.71,3032.96
CA00007,P005,28,34,203292.69,62370.17
CA00007,P002,24,30,81858.84,37443.04
CA00008,P006,17,22,6957.81,2123.07
CA00009,P003,25,33,200154.26,82317.66
CA00010,P008,22,29,194868.02,68579.61
CA00011,P004,34,38,334449.09,115429.02
CA00012,P008,30,32,191295.78,71476.80
CA00013,P003,17,19,3136.79,1195.15
CA00013,P002,26,27,2945.87,1288.52
CA00014,P002,14,15,29938.25,13757.78
CA00015,P005,22,30,167695.49,55403.26
CA00016,P008,26,27,93514.67,35235.98
CA00016,P007,17,22,12948.13,4136.79
CA00017,P002,27,29,30349.77,14044.04
CA00018,P005,29,31,300873.45,107861.75
CA00019,P004,11,14,58663.10,20846.03
CA00019,P005,13,17,70739.94,24324.21
CA00020,P004,26,35,186529.41,68500.62
CA00021,P006,24,29,1878.14,591.43
CA00021,P002,21,23,2484.71,1188.77
CA00022,P004,13,15,190317.25,63563.50
CA00023,P007,8,9,5802.24,1931.12
CA00024,P005,26,29,84378.78,28698.43
CA00025,P007,27,31,58291.43,17195.45
CA00025,P002,16,19,58362.22,27754.61
CA00026,P002,16,18,4707.29,2218.53
CA00026,P008,25,33,9854.98,3672.25
CA00027,P006,14,16,7923.24,2463.24
CA00028,P003,9,11,35241.80,13998.02
CA00029,P008,29,38,212211.47,82437.46
CA00029,P003,23,27,85495.09,33096.47
CA00030,P003,7,9,15830.36,6192.87
CA00030,P007,22,27,19804.87,5800.96
CA00031,P004,28,34,70428.28,22949.15
CA00032,P004,20,23,78566.05,27698.27
CA00033,P008,18,23,80262.24,31008.44
CA00034,P008,11,13,35581.47,12388.57
CA00035,P003,15,16,75731.32,28670.78
CA00036,P008,25,30,39345.47,14547.61
CA00037,P003,17,19,90441.62,37734.01
CA00038,P007,15,19,35358.84,11113.64
CA00039,P002,26,28,26108.22,12102.67
CA00040,P008,19,20,335869.63,129721.32
CA00041,P003,18,23,170319.80,63365.11
CA00042,P005,26,27,204409.16,66501.44
CA00043,P005,23,27,193492.55,66331.31
CA00044,P005,21,25,135372.37,47879.51
CA00044,P003,12,12,60481.02,23949.08
CA00044,P007,14,18,29138.50,9602.70
CA00045,P002,21,28,55828.57,27008.31
CA00045,P004,21,25,89182.85,29931.80
CA00046,P003,23,24,60920.68,23834.42
CA00047,P007,21,24,50027.63,15426.10
CA00048,P002,14,17,56116.90,25045.99
CA00049,P001,21,22,28297.17,11441.86
CA00049,P002,24,30,47728.37,23091.85
CA00049,P007,13,14,16083.95,5381.51
CA00050,P005,24,26,53643.79,17199.28
CA00051,P006,20,24,36658.21,9600.83
CA00052,P005,13,16,210003.91,76557.84
CA00053,P003,8,8,64132.05,23884.17
CA00053,P002,29,33,161062.97,70340.22
CA00053,P001,25,28,93192.42,40664.45
CA00054,P007,15,17,46572.52,14763.46
CA00055,P003,7,7,21795.74,8504.13
CA00056,P003,19,23,48088.50,18034.98
CA00057,P005,14,17,134418.75,43170.68
CA00057,P001,30,41,104813.50,45633.31
CA00058,P003,21,22,171978.74,68294.25
CA00059,P006,14,18,9602.69,2618.89
CA00059,P005,29,35,89168.13,31605.20
CA00060,P004,28,35,53193.68,18127.18
CA00061,P001,28,34,95991.78,42250.95
CA00061,P008,14,15,176705.73,61689.51
CA00062,P007,19,20,32121.65,10863.30
CA00063,P007,18,18,35795.40,11917.52
CA00064,P007,13,15,22347.78,7430.90
CA00065,P002,20,26,53556.69,25133.47
CA00066,P003,16,17,41058.60,16042.48
CA00067,P005,18,22,201165.10,69389.05
CA00068,P001,29,38,74583.23,29531.87
CA00068,P008,14,16,131825.71,46800.59
CA00069,P004,31,41,232168.19,81338.73
CA00070,P005,31,36,412897.44,133852.32
CA00071,P006,18,20,11460.68,3151.70
CA00072,P007,16,20,14316.06,4448.39
CA00072,P001,22,26,21725.16,9268.82
CA00072,P008,16,17,65230.86,22523.25
CA00073,P001,17,19,18903.15,8305.38
CA00074,P001,19,21,35768.86,15000.71
CA00074,P006,10,13,13602.86,4077.99
CA00075,P003,13,14,46979.99,17724.66
CA00076,P008,9,10,33318.83,12190.10
CA00076,P003,10,10,21859.86,9030.69
CA00077,P001,19,21,80840.23,33917.08
CA00077,P005,12,13,154017.16,55087.57
CA00077,P002,23,26,163565.27,73599.68
CA00078,P006,18,20,47547.89,13327.28
CA00078,P004,27,35,317141.85,108381.10
CA00079,P007,21,22,31806.47,10292.52
CA00080,P008,27,29,213704.72,77499.37
CA00080,P007,17,20,30140.08,9103.52
CA00081,P002,27,32,60314.34,29023.98
CA00081,P008,27,28,181987.54,61271.49
CA00081,P003,13,13,44237.75,16874.57
CA00082,P003,4,5,15600.50,5918.03
CA00083,P005,21,21,166342.71,53596.96
CA00083,P002,3,3,12239.70,5839.13
CA00084,P001,16,18,13358.67,5938.91
CA00085,P001,13,14,50222.77,21469.24
CA00086,P007,15,18,24038.61,7031.19
CA00087,P004,18,23,4792.49,1608.13
CA00088,P006,26,29,58835.72,16281.39
CA00089,P004,35,42,105025.74,34792.72
CA00089,P007,19,22,19678.52,5776.25
CA00089,P006,23,29,17214.21,4449.46
CA00090,P006,10,12,23199.79,6410.25
CA00090,P003,14,17,125627.41,49788.18
CA00091,P008,37,41,298553.54,105628.70
CA00091,P007,13,14,22724.00,7074.50
CA00092,P007,1,1,4084.77,1350.21
CA00093,P002,6,7,14950.46,6905.74
CA00094,P003,25,29,145742.31,59546.85
CA00095,P003,18,23,51329.74,19790.90
CA00096,P001,17,21,42034.72,18258.69
CA00097,P007,12,15,12660.15,4137.38
CA00098,P007,12,14,46312.84,14526.25
CA00099,P007,30,40,49937.52,14846.23
CA00100,P001,13,15,19882.23,7890.08
CA00101,P002,11,12,78454.74,37928.01
CA00102,P002,22,24,75252.12,34222.15
CA00102,P005,7,7,40124.18,13640.74
CA00103,P003,19,20,115568.17,43541.08
CA00104,P007,8,9,6032.19,1803.40
CA00105,P008,24,26,127392.20,43660.91
CA00106,P001,20,26,20389.62,8556.68
CA00106,P007,38,50,35870.31,11573.62
CA00106,P003,14,18,30308.88,12780.89
CA00107,P004,19,19,76464.68,24422.11
CA00108,P005,25,26,100368.45,34676.68
CA00109,P006,19,20,53587.01,16355.83
CA00110,P004,16,18,50568.15,16095.33
CA00111,P004,23,27,102089.64,35082.65
CA00112,P008,24,30,107523.49,36202.84
CA00112,P003,23,29,49266.06,19140.34
CA00113,P005,12,15,57098.67,20377.83
CA00114,P008,13,16,52366.66,19858.75
CA00114,P006,23,31,16146.41,4332.96
CA00114,P003,30,37,71545.81,29863.94
CA00115,P008,25,27,468537.84,179109.12
CA00116,P001,17,19,18957.50,7752.42
CA00117,P002,17,18,55941.41,25220.02
CA00118,P007,15,19,33760.12,10713.27
CA00119,P002,23,29,47290.79,22750.87
CA00120,P006,8,9,6500.40,1962.08
CA00121,P006,33,43,36745.53,10480.20
CA00121,P008,13,16,86104.43,30425.44
CA00121,P005,15,17,76882.30,26755.05
CA00122,P001,39,46,5306.42,2333.12
CA00122,P007,20,21,1062.72,365.38
CA00123,P003,19,22,37226.82,15281.76
CA00123,P008,16,17,50539.33,18552.88
CA00123,P007,15,18,13465.92,4067.07
CA00124,P003,17,21,72963.96,27647.27
CA00125,P003,13,15,90971.39,35813.65
CA00125,P001,25,27,89958.64,38725.03
CA00126,P004,24,29,6996.72,2606.90
CA00126,P001,22,27,1105.33,474.81
CA00127,P005,30,33,94914.35,33254.04
CA00128,P002,26,30,184762.91,89563.30
CA00128,P006,13,15,41073.52,12227.57
CA00129,P004,18,21,58451.71,19606.59
CA00129,P006,17,18,13546.42,3843.72
CA00130,P006,16,21,26381.24,8256.29
CA00130,P007,15,19,31848.96,9541.04
CA00130,P002,11,12,39732.47,18816.18
CA00131,P001,25,32,135328.54,56429.45
CA00132,P006,22,26,37383.42,9799.75
CA00132,P001,14,18,35894.93,15407.70
CA00133,P002,19,23,39959.17,18511.07
CA00133,P004,21,22,78516.56,26775.62
CA00134,P007,14,18,78811.61,24258.92
CA00135,P004,28,35,195983.65,62334.67
CA00136,P002,22,28,134155.31,58465.41
CA00137,P001,19,23,109873.14,44130.48
CA00137,P005,20,23,309107.87,109540.88
CA00137,P002,13,16,94706.37,40698.72
CA00138,P003,22,25,249646.73,97534.06
CA00139,P007,25,27,42851.88,13467.34
CA00139,P005,26,28,148658.63,48166.72
CA00140,P007,11,11,35863.37,10711.69
CA00141,P004,32,33,252982.24,80444.44
CA00141,P005,22,25,195420.39,67938.05
CA00142,P003,19,26,133041.83,53485.86
CA00142,P002,16,16,74500.93,35177.08
CA00143,P006,12,14,17023.77,4839.53
CA00143,P008,14,14,122130.34,47480.77
CA00144,P007,17,18,28638.38,9360.35
CA00145,P005,25,27,141051.92,45323.01
CA00146,P001,15,18,24980.68,10473.14
CA00146,P002,14,18,31384.15,13418.03
CA00147,P002,13,15,137.59,63.06
CA00148,P007,1,1,1764.64,560.67
CA00149,P006,13,14,21254.87,6313.69
CA00150,P002,24,26,160078.76,70480.47
CA00150,P004,14,14,154051.64,53858.46
CA00151,P008,25,29,144970.60,49467.17
CA00152,P005,19,20,47868.76,17343.28
CA00152,P003,26,31,55863.71,22644.51
CA00152,P007,13,16,11776.15,3985.17
CA00153,P006,15,15,11328.57,3325.10
CA00154,P003,16,20,72230.07,28677.07
CA00155,P004,15,20,121595.54,42406.81
CA00156,P006,22,27,15656.44,4121.66
CA00157,P006,9,11,18228.93,4972.37
CA00158,P005,8,9,28653.65,9703.88
CA00159,P003,16,19,114244.05,45492.92
CA00159,P008,32,40,392701.08,150578.13
CA00159,P007,20,27,58693.99,18108.20
CA00160,P006,23,24,46685.11,11936.02
CA00161,P006,24,25,26377.38,7788.59
CA00162,P006,5,6,19084.38,5302.40
CA00163,P007,15,17,14975.72,4924.07
CA00164,P006,22,28,18165.67,4936.66
CA00164,P001,12,14,16019.66,6791.58
CA00165,P004,25,31,100989.56,35657.64
CA00165,P005,16,17,74960.68,25623.36
CA00166,P003,16,18,116253.89,48378.73
CA00167,P005,21,23,148603.50,51955.32
CA00167,P006,16,16,23099.49,7065.24
CA00168,P007,21,25,57118.94,16818.47
CA00169,P006,30,32,91490.94,24058.76
CA00170,P008,21,27,121474.35,43801.85
CA00170,P001,19,21,27252.46,12200.51
CA00170,P002,7,8,14070.39,6791.59
CA00171,P004,13,14,37086.07,13799.97
CA00172,P007,19,20,43798.15,14861.21
CA00173,P006,19,21,18714.73,4958.71
CA00174,P005,11,13,34926.21,11286.06
CA00174,P004,33,37,96669.93,36113.36
CA00175,P005,23,27,81166.24,25171.71
CA00175,P004,24,25,79697.97,29182.95
CA00176,P005,31,42,202682.10,64982.40
CA00177,P002,15,15,22361.89,10289.98
CA00178,P001,19,19,16769.47,7225.74
CA00179,P002,23,28,53100.80,25476.34
CA00179,P001,12,15,21323.10,8692.50
CA00179,P006,16,17,19240.87,5530.33
CA00180,P001,13,14,39099.30,16429.76
CA00181,P008,20,27,144994.85,56902.81
CA00182,P004,15,16,77469.02,28678.55
CA00183,P008,13,16,184188.41,65391.98
CA00184,P008,22,26,85918.15,33640.69
CA00184,P006,25,26,15020.94,3867.44
CA00185,P002,8,9,13410.13,5782.09
CA00186,P002,35,44,237166.10,108071.56
CA00186,P003,13,14,131081.15,48318.32
CA00186,P008,9,11,148124.37,51872.21
CA00187,P007,15,19,12645.38,3613.23
CA00188,P004,28,33,318095.97,101996.30
CA00189,P006,29,32,5370.17,1593.51
CA00189,P008,29,31,12578.39,4288.66
CA00189,P003,13,14,2727.12,1093.21
CA00190,P005,18,22,188052.74,66438.76
CA00191,P008,19,25,106829.80,40165.64
CA00191,P007,24,31,22574.44,6573.27
CA00191,P004,25,31,81987.53,26939.01
CA00192,P007,12,14,6428.49,1861.69
CA00192,P003,23,29,11660.69,4688.17
CA00193,P004,23,31,70710.18,22682.70
CA00194,P008,34,36,147433.16,56238.86
CA00195,P003,11,13,36776.60,14701.24
CA00196,P007,11,11,8495.41,2874.33
CA00197,P006,10,13,7828.65,2265.87
CA00197,P004,16,18,51336.09,17391.28
CA00197,P007,25,32,26195.65,7934.39
CA00198,P001,11,13,22058.44,9288.99
CA00198,P006,26,29,38320.08,11440.45
CA00199,P001,16,17,92033.48,40294.69
CA00200,P008,24,25,188283.19,72550.85
CA00200,P004,10,11,43047.83,14338.55
CA00201,P004,28,32,187860.48,64425.00
CA00202,P001,11,14,14803.97,5918.63
CA00203,P003,10,12,54456.97,22555.47
CA00204,P004,18,19,92118.97,32160.33
CA00204,P008,21,23,165901.38,61930.37
CA00205,P006,15,18,52091.55,14582.84
CA00206,P008,20,22,224082.83,75712.40
CA00207,P005,34,39,250880.54,82565.41
CA00208,P006,11,11,4478.30,1294.89
CA00209,P005,26,29,121671.96,37548.50
CA00210,P007,14,17,57954.21,18800.94
CA00211,P004,18,20,98870.69,33874.52
CA00212,P001,11,12,18873.89,7474.19
CA00213,P002,16,18,43545.64,20943.48
CA00214,P001,16,19,17069.54,7405.87
CA00214,P004,15,19,41824.57,15330.23
CA00215,P008,23,26,146239.92,51585.21
CA00215,P006,25,27,23297.06,6602.79
CA00216,P003,19,24,189211.52,73198.90
CA00216,P004,26,32,353892.49,115181.31
CA00217,P008,21,27,447456.19,167767.65
CA00218,P004,22,29,302614.04,105848.73
CA00219,P008,34,43,341303.69,130050.98
CA00220,P004,22,25,325320.77,105283.15
CA00221,P005,20,25,190665.95,61992.25
CA00221,P004,9,11,73498.59,23222.46
CA00222,P001,37,47,60777.67,26992.35
CA00222,P004,27,35,125400.62,40900.38
CA00223,P005,16,21,194299.30,61729.54
CA00224,P002,7,9,24344.28,11437.51
CA00225,P006,7,7,7538.01,2255.29
CA00225,P002,14,18,34064.46,15735.25
CA00225,P005,16,20,81571.09,25140.22
CA00226,P008,26,33,431860.84,160045.63
CA00227,P008,12,13,119847.12,43729.23
CA00228,P007,18,21,97777.22,31089.22
CA00229,P005,31,38,346359.82,122683.79
CA00229,P002,20,24,115852.33,55226.23
CA00230,P003,22,23,85575.82,34052.55
CA00230,P008,16,17,115030.08,39115.72
CA00231,P007,22,24,52679.01,15098.59
CA00231,P005,22,23,209776.45,66873.78
CA00232,P003,14,15,210776.25,77926.30
CA00232,P001,16,17,107960.87,44010.72
CA00232,P002,24,28,223702.38,105998.51
CA00233,P008,21,22,442864.85,172098.68
CA00234,P006,21,22,23712.31,7432.18
CA00235,P006,19,19,63613.00,19435.82
CA00236,P008,22,24,205180.93,68781.41
CA00237,P004,14,17,126396.86,43247.43
CA00237,P005,18,19,149292.76,47001.01
CA00238,P008,24,29,135988.45,47725.40
CA00239,P006,15,15,20681.94,5807.36
CA00240,P008,23,24,122454.28,46328.46
CA00241,P006,24,28,21727.47,6259.16
CA00242,P004,31,37,95670.46,31756.99
CA00243,P006,17,20,67339.64,19273.28
CA00244,P008,14,17,249094.64,85313.20
CA00245,P008,24,30,659389.33,232998.11
CA00246,P007,8,8,45034.40,13068.55
CA00247,P006,14,15,22077.06,5774.85
CA00248,P007,16,16,64259.71,21919.93
CA00249,P006,8,10,22040.34,6830.47
CA00250,P008,29,36,522759.70,196979.60
CA00250,P003,11,11,107313.02,42064.23
CA00251,P001,30,37,67857.64,28596.39
CA00252,P003,32,34,352719.63,142285.26
CA00253,P004,27,31,353630.59,114621.88
CA00253,P007,29,32,141562.78,41308.60
CA00253,P001,20,22,109475.18,47856.10
CA00254,P008,30,34,727106.50,278960.56
CA00254,P001,23,31,126834.54,51139.13
CA00255,P001,15,18,47609.52,21534.23
CA00255,P007,7,7,21250.38,7105.80
CA00256,P006,22,24,49156.31,15287.33
CA00257,P008,26,31,134912.23,47782.63
CA00258,P003,11,14,61470.04,24919.55
CA00259,P002,19,21,187439.97,90853.00
CA00260,P003,12,12,85906.39,35838.98
CA00261,P005,1,1,12203.19,4251.47
CA00261,P001,15,18,59309.34,24217.15
CA00262,P003,14,16,131507.46,54071.56
CA00263,P006,18,23,12409.25,3199.20
CA00264,P006,19,21,57755.34,16888.04
CA00265,P007,18,22,97877.02,28266.38
CA00265,P003,33,44,406103.92,148711.12
CA00266,P008,16,17,67929.78,24552.82
CA00266,P007,26,30,25380.87,7638.34
CA00266,P001,19,25,20755.47,8473.29
CA00267,P004,24,25,141328.29,52100.07
CA00267,P003,14,18,61637.25,25172.47
CA00267,P008,11,11,89597.79,31262.75
CA00268,P008,17,21,232257.16,87217.39
CA00268,P005,27,30,291684.61,105822.22
CA00269,P001,6,6,15308.28,6784.76
CA00270,P004,21,25,108957.17,39950.07
CA00271,P005,18,24,160346.42,51281.29
CA00271,P003,24,28,146588.56,54483.29
CA00272,P007,17,19,27097.52,8488.43
CA00273,P004,20,22,122240.78,40138.50
CA00274,P003,13,14,72846.83,28772.41
CA00274,P005,20,27,164543.67,56429.05
CA00275,P007,17,22,36129.18,11586.59
CA00276,P007,11,13,11000.09,3683.71
CA00276,P005,16,21,48635.77,16495.64
CA00276,P003,10,11,21826.00,8020.51
CA00277,P004,19,22,109741.42,41117.16
CA00278,P007,19,21,78308.45,22555.96
CA00279,P004,8,9,32547.91,12015.99
CA00280,P007,23,25,67649.69,19487.26
CA00280,P001,20,26,74953.83,33411.27
CA00280,P008,1,1,13388.54,4860.57
CA00281,P005,20,23,119663.01,40682.47
CA00282,P001,15,16,37307.58,15769.88
CA00283,P003,24,25,315666.59,121051.24
CA00284,P007,24,28,69348.85,22962.62
CA00285,P007,16,20,81631.92,25268.89
CA00286,P002,17,22,106805.33,45813.24
CA00287,P002,12,13,32732.32,14727.43
CA00288,P005,22,28,345320.88,122995.69
CA00288,P004,31,35,442748.14,159935.74
CA00289,P004,24,26,107987.75,39612.59
CA00289,P006,17,22,19444.69,5469.24
CA00290,P002,22,24,58642.60,27730.60
CA00291,P008,11,13,214536.17,74669.33
CA00292,P008,23,24,156343.17,56889.23
CA00293,P003,15,17,62076.59,25356.41
CA00294,P003,13,17,66493.26,24446.23
CA00295,P004,16,18,95797.34,32622.42
CA00295,P007,11,12,20170.13,6152.04
CA00296,P007,14,16,75829.24,25445.49
CA00297,P002,15,18,32206.05,15157.26
CA00297,P007,17,18,21604.13,7156.81
CA00298,P004,35,46,443629.42,147368.51
CA00299,P001,9,9,37792.01,15877.08
CA00300,P002,23,31,219685.90,105048.28
CA00301,P007,27,35,60380.90,18689.44
CA00302,P006,15,17,26744.44,6977.76
CA00303,P004,19,26,108304.51,36486.41
CA00304,P005,16,17,66668.38,21553.38
CA00304,P003,17,17,51092.25,19193.03
CA00305,P003,26,30,230471.21,95269.43
CA00306,P001,15,17,23015.24,10441.18
CA00307,P002,14,17,73060.03,31656.69
CA00307,P005,29,40,285418.71,100657.42
CA00308,P003,4,4,16689.74,6931.23
CA00309,P005,22,24,205785.54,66870.55
CA00309,P006,19,23,38586.41,11680.08
CA00310,P007,19,23,703.02,238.73
CA00310,P004,28,31,1270.89,429.34
CA00311,P006,23,30,26064.05,7114.79
CA00312,P005,20,21,299731.44,105993.01
CA00313,P002,21,22,168038.07,81458.07
CA00314,P008,11,11,40960.75,14846.69
CA00315,P004,20,23,231040.83,82620.84
CA00315,P007,28,36,106400.91,33262.98
CA00316,P001,20,21,101398.66,40254.50
CA00317,P005,20,21,116620.35,37184.95
CA00318,P001,15,17,24433.61,10626.02
CA00319,P002,24,30,133202.26,64040.00
CA00320,P007,18,23,28647.90,9456.62
CA00320,P008,21,23,130984.92,46932.25
CA00321,P004,17,17,194694.18,71228.93
CA00321,P006,8,8,21215.30,6501.24
CA00321,P001,15,17,66435.85,29069.14
CA00322,P005,28,34,444664.26,152833.85
CA00323,P003,14,17,154308.38,57643.30
CA00323,P002,9,11,66651.84,29111.08
CA00324,P002,21,22,194546.92,83368.20
CA00325,P007,15,18,66658.59,20791.35
CA00326,P006,2,2,6818.04,1987.22
CA00327,P008,29,37,453166.63,171968.33
CA00328,P003,14,17,117305.61,43972.99
CA00329,P005,33,40,176891.33,63584.34
CA00329,P001,29,34,60364.76,26571.40
CA00330,P002,20,22,21965.06,10231.64
CA00331,P001,25,31,95571.33,41886.58
CA00332,P004,16,19,71548.65,25807.37
CA00333,P002,34,40,184817.48,89357.17
CA00334,P002,8,10,11345.69,5210.98
CA00334,P004,19,25,51631.37,17566.34
CA00335,P002,20,24,138820.05,65049.92
CA00335,P001,14,16,61582.21,26918.16
CA00335,P005,22,29,310864.21,95475.09
CA00336,P008,26,27,41789.82,15628.15
CA00337,P004,22,27,80050.56,29968.94
CA00337,P008,2,2,9726.87,3626.36
CA00338,P002,16,18,79004.90,34746.04
CA00339,P001,24,32,25842.53,11754.39
CA00340,P006,15,15,9631.88,2654.56
CA00341,P008,21,22,403557.50,159153.10
CA00341,P007,23,24,117801.62,40339.54
CA00341,P003,16,20,192027.77,79866.61
CA00342,P002,34,40,90937.95,43842.33
CA00343,P006,29,38,36982.29,9741.51
CA00343,P007,27,34,38084.78,11938.98
CA00344,P004,40,54,570900.16,200154.29
CA00345,P005,7,9,118807.31,41256.60
CA00346,P004,27,37,88592.78,27967.38
CA00346,P001,10,12,11756.16,4665.28
CA00347,P008,13,13,157846.38,60542.38
CA00347,P001,35,45,109053.43,45073.06
CA00348,P002,21,25,47246.03,22850.95
CA00349,P008,9,10,179668.42,69010.90
CA00350,P006,31,36,28379.78,8183.91
CA00351,P004,24,29,306711.60,111344.64
CA00352,P004,25,26,98393.55,35685.30
CA00353,P007,23,29,77835.10,25857.48
CA00354,P005,11,14,74401.77,23632.87
CA00355,P005,15,20,95935.29,30033.08
CA00355,P008,30,32,226141.19,77994.13
CA00355,P004,28,29,142655.68,46784.62
CA00356,P007,12,13,53850.81,16568.60
CA00356,P004,18,21,233054.63,80292.87
CA00356,P005,7,7,109626.92,37012.32
CA00357,P003,22,27,99125.40,42005.41
CA00358,P002,13,17,59072.79,27654.23
CA00359,P005,17,22,128274.50,45319.51
CA00359,P001,13,16,32118.16,14439.01
CA00360,P007,16,19,75011.75,21589.12
CA00361,P001,15,19,15945.95,6523.25
CA00362,P007,28,36,116979.88,34393.88
CA00363,P005,5,6,73335.92,24415.30
CA00364,P007,29,30,124353.09,41330.62
CA00365,P001,22,26,40395.55,18025.91
CA00365,P007,20,22,29615.26,9786.97
CA00366,P007,10,11,21472.94,7039.75
CA00367,P005,18,23,246092.11,88525.84
CA00368,P006,18,21,57978.51,18070.31
CA00368,P002,24,30,160006.68,71637.36
CA00368,P007,8,10,33042.63,10062.88
CA00369,P005,10,11,155171.70,48351.70
CA00369,P008,27,35,521513.54,194409.08
CA00370,P001,20,24,38497.64,16996.18
CA00370,P003,9,11,38203.29,15901.61
CA00371,P001,20,27,67525.89,26734.20
CA00372,P008,23,30,453971.38,154932.47
CA00373,P003,16,21,164537.27,65057.22
CA00374,P006,25,29,46318.43,14560.66
CA00374,P008,16,17,172325.21,67158.17
CA00375,P003,15,16,106672.54,44971.07
CA00376,P007,21,22,45537.62,14842.14
CA00377,P001,9,9,19608.11,8065.99
CA00377,P004,11,14,73572.06,24660.78
CA00378,P003,14,18,110305.02,40333.08
CA00379,P003,27,29,229224.00,88148.02
CA00379,P001,13,14,55319.97,22407.04
CA00380,P001,21,22,124470.16,52364.00
CA00380,P005,16,19,278654.14,85214.54
CA00381,P007,19,23,114666.61,38914.54
CA00381,P003,16,20,222983.99,94669.12
CA00382,P001,25,27,99164.86,44790.17
CA00382,P004,22,25,250552.28,81017.24
CA00383,P008,25,34,364379.57,126770.73
CA00384,P004,26,32,11548.69,4297.40
CA00384,P005,13,14,6754.61,2315.86
CA00385,P005,28,36,438122.58,135804.15
CA00385,P008,23,27,537409.85,184943.66
CA00386,P008,12,14,77469.09,26501.93
CA00387,P007,16,19,76768.76,24683.07
CA00388,P008,20,21,204489.77,76074.49
CA00389,P002,21,28,160588.60,77056.86
CA00390,P004,26,27,334602.66,120610.47
CA00391,P006,19,23,28899.38,7852.17
CA00392,P006,20,24,18057.32,4811.75
CA00393,P007,17,21,23825.99,6836.78
CA00394,P005,11,14,110484.32,36158.51
CA00395,P003,23,29,128020.46,48211.63
CA00395,P002,24,32,83946.05,38294.98
CA00396,P007,24,25,2690.37,904.13
CA00396,P006,21,23,1393.00,381.21
CA00397,P005,21,25,74474.30,25468.92
CA00398,P004,32,33,100075.22,36970.78
CA00398,P002,3,3,5112.62,2367.42
CA00399,P007,19,20,43366.58,12754.31
CA00400,P002,16,19,71043.72,31002.43
CA00400,P007,17,18,47925.90,14085.99
CA00401,P005,19,20,101399.55,33650.12
CA00402,P001,21,28,36567.83,14590.53
CA00403,P005,8,8,22945.22,7139.87
CA00404,P002,27,34,167125.94,71124.99
CA00405,P005,7,7,112855.38,39858.39
CA00406,P003,11,14,10159.04,4203.94
CA00407,P007,13,15,14763.74,4244.41
CA00408,P004,35,39,74929.65,27652.84
CA00409,P001,5,6,8016.53,3328.85
CA00410,P001,32,38,94681.08,37771.62
CA00411,P008,6,6,36797.12,14530.88
CA00412,P001,18,21,19172.29,8665.93
CA00412,P003,22,23,47594.52,20125.76
CA00413,P006,15,16,14047.28,3626.56
CA00414,P003,9,10,26922.58,10434.18
CA00414,P004,13,13,49606.33,17262.64
CA00415,P003,8,8,56155.40,21762.68
CA00416,P005,22,26,205072.39,69497.96
CA00416,P008,21,24,267938.70,91598.91
CA00417,P006,20,22,24536.30,6877.37
CA00418,P008,24,32,107253.25,41854.41
CA00419,P007,23,24,33637.13,11457.05
CA00420,P004,14,16,131306.09,49027.83
CA00420,P002,9,10,47239.93,22006.00
CA00420,P007,22,28,68386.74,23349.45
CA00421,P004,12,14,147156.67,50080.81
CA00421,P007,18,24,74296.37,21404.80
CA00422,P006,26,28,72006.37,20691.57
CA00423,P007,29,34,33458.85,9757.91
CA00424,P008,25,29,90598.64,34468.66
CA00425,P001,19,20,21974.60,9377.53
CA00426,P007,20,27,64286.05,20588.56
CA00427,P002,8,9,1407.10,614.27
CA00427,P004,26,28,23324.82,8411.29
CA00428,P004,30,34,320262.84,111710.21
CA00428,P008,28,37,408185.01,145079.03
CA00429,P006,12,14,17713.09,5491.92
CA00429,P001,33,37,75012.05,32597.41
CA00430,P004,23,27,65265.11,23238.46
CA00430,P008,23,31,95014.24,33579.04
CA00431,P005,16,16,67762.35,23185.92
CA00432,P001,30,35,33829.41,14087.03
CA00432,P002,19,19,31086.57,14504.70
CA00433,P005,9,10,106676.28,38934.46
CA00434,P006,16,17,16106.50,4751.79
CA00435,P003,23,29,88796.72,35709.18
CA00436,P001,15,16,83089.22,35318.31
CA00436,P004,17,21,258327.68,84257.12
CA00437,P001,29,38,61170.05,24587.46
CA00438,P005,17,19,9180.88,3187.27
CA00439,P005,13,16,32983.21,10177.58
CA00440,P003,20,25,51600.78,19592.87
CA00440,P002,16,18,27109.29,11956.77
CA00441,P007,24,28,22873.80,6913.70
CA00442,P001,20,26,948.14,412.75
CA00443,P007,9,9,40314.66,12026.22
CA00444,P007,23,29,78059.54,23601.54
CA00445,P002,15,15,1640.23,743.79
CA00446,P003,27,35,54846.45,21391.42
CA00447,P008,18,21,92519.90,32208.25
CA00448,P004,12,15,105491.09,35495.58
CA00448,P008,22,30,270396.90,90821.99
CA00448,P005,23,24,175897.50,56922.78
CA00449,P006,11,11,12989.88,3754.38
CA00450,P002,16,20,101846.20,45131.95
CA00451,P005,24,30,356130.50,123555.06
CA00452,P003,3,3,900.10,336.38
CA00452,P007,20,21,7142.87,2081.04
CA00453,P004,11,13,44978.49,14888.08
CA00454,P003,13,13,42556.69,16091.75
CA00455,P002,11,13,56929.61,26682.68
CA00455,P001,9,10,35098.36,15016.75
CA00456,P001,27,34,38400.07,15447.27
CA00457,P006,20,25,15995.83,5026.60
CA00457,P008,33,44,143599.91,51284.74
CA00458,P001,13,16,65477.94,27759.38
CA00459,P008,15,17,84017.65,29413.33
CA00460,P002,29,39,120596.20,58451.69
CA00460,P005,45,60,388724.43,136989.72
CA00461,P008,27,35,109904.12,39834.67
CA00462,P002,11,14,32787.04,15421.91
CA00463,P005,17,19,196727.74,67152.17
CA00463,P001,21,25,86286.29,38400.50
CA00464,P003,9,11,1555.50,597.99
CA00465,P008,27,33,364960.43,128407.51
CA00466,P001,25,27,13677.52,5601.55
CA00466,P004,20,22,38558.89,12289.10
CA00467,P006,19,21,29664.43,8144.39
CA00467,P001,17,22,39841.99,16517.94
CA00468,P002,17,18,68979.67,30668.46
CA00468,P004,30,37,201834.85,70907.45
CA00469,P005,19,20,84736.86,27553.71
CA00470,P007,15,16,39340.73,13364.96
CA00471,P005,32,33,333605.20,109193.24
CA00472,P007,14,19,21071.72,6172.69
CA00473,P001,14,19,53626.71,21815.08
CA00473,P007,16,21,54803.07,17466.01
CA00474,P007,18,22,30821.76,9612.01
CA00475,P006,17,19,16661.78,4793.15
CA00475,P003,20,21,71180.59,27693.36
CA00476,P007,15,20,14998.86,4362.94
CA00476,P004,25,27,72798.80,25188.60
CA00476,P006,21,22,15702.41,4319.97
CA00477,P004,22,24,93020.95,31368.27
CA00478,P001,13,13,84812.97,34144.15
CA00478,P006,27,28,120400.70,37891.39
CA00479,P002,19,20,6274.84,2927.48
CA00480,P007,21,24,27076.87,8729.06
CA00481,P003,35,45,104221.51,42244.71
CA00481,P002,13,13,24968.11,11291.61
CA00481,P001,17,17,24763.14,10627.45
CA00482,P004,21,27,68564.95,23924.60
CA00483,P005,31,35,335837.34,121563.60
CA00484,P007,14,16,59879.72,19676.92
CA00485,P008,26,32,488599.90,190825.24
CA00486,P008,17,23,226393.23,87803.18
CA00487,P007,11,11,11431.95,3327.92
CA00488,P008,19,20,219855.48,81234.20
CA00489,P006,14,17,54943.78,16064.35
CA00490,P006,24,27,77250.46,21060.47
CA00491,P003,20,27,50634.76,20075.21
CA00492,P001,12,13,16410.48,6964.54
CA00493,P008,13,15,65024.60,25293.98
CA00494,P005,30,33,144425.05,51725.88
CA00495,P008,22,25,623838.41,244785.10
CA00496,P008,9,10,50930.53,20092.16
CA00496,P001,26,31,41339.51,18229.88
CA00497,P006,26,28,17402.11,4819.70
CA00498,P006,15,16,60007.79,18781.55
CA00499,P008,16,20,173744.70,67834.63
CA00500,P006,29,35,37744.70,9689.95
CA00501,P001,13,15,62219.79,25280.30
CA00502,P003,23,27,273066.21,100215.27
CA00503,P008,30,32,129704.87,49825.30
CA00503,P005,23,28,71537.55,24155.07
CA00503,P003,21,24,51216.56,19804.35
CA00504,P008,23,24,583861.73,211516.18
CA00505,P007,5,6,7962.43,2320.44
CA00506,P007,13,16,48529.60,16440.87
CA00507,P006,8,8,28065.47,8368.06
CA00507,P008,25,30,581175.46,223909.39
CA00508,P003,17,21,68419.34,26833.62
CA00508,P002,6,8,17242.61,7875.74
CA00509,P003,20,20,131924.55,49000.90
CA00510,P007,13,15,55064.82,15900.11
CA00511,P002,6,7,53424.65,24748.93
CA00512,P002,18,22,40420.31,17408.13
CA00513,P005,25,28,524441.39,190090.92
CA00513,P001,29,38,198098.49,88680.11
CA00514,P008,17,19,369155.51,128711.26
CA00515,P008,19,23,257319.68,94793.12
CA00515,P005,28,35,284973.31,100521.57
CA00516,P004,37,49,471556.72,162099.40
CA00517,P004,14,17,55549.14,20221.58
CA00518,P001,42,55,907.42,384.30
CA00519,P005,18,20,123639.64,41293.13
CA00519,P004,14,17,105918.48,36567.97
CA00520,P002,33,35,139799.82,62224.52
CA00521,P002,24,26,41404.02,19761.87
CA00521,P008,16,18,77520.67,28001.19
CA00522,P005,16,17,176302.22,60183.76
CA00522,P002,1,1,5542.88,2549.89
CA00523,P003,18,20,181243.71,72451.77
CA00524,P008,18,23,391822.09,147658.36
CA00524,P001,23,25,125272.70,50830.79
CA00525,P008,17,23,411048.40,159257.20
CA00526,P007,26,33,39697.81,12011.73
CA00527,P003,26,28,133162.41,52805.68
CA00528,P006,20,23,45819.01,12091.05
CA00528,P008,19,22,266432.84,91654.31
CA00529,P004,25,29,74006.41,26192.84
CA00530,P003,17,20,97676.56,37611.07
CA00530,P008,31,36,321409.83,120403.99
CA00531,P004,16,21,119101.67,39787.50
CA00532,P001,14,15,18190.93,7574.59
CA00533,P007,31,42,99967.43,33391.72
CA00533,P003,23,24,205637.14,86163.84
CA00534,P001,28,35,14870.06,6202.55
CA00535,P006,22,28,88274.96,22590.27
CA00535,P005,16,18,268114.09,93385.96
CA00536,P007,11,11,43732.86,12779.70
CA00537,P008,17,22,508852.59,200234.67
CA00538,P007,18,22,23477.81,6810.77
CA00539,P004,25,27,295611.12,110597.16
CA00540,P007,4,4,18620.81,5972.61
CA00540,P004,28,30,391454.69,124556.18
CA00541,P003,18,18,109259.00,42246.53
CA00541,P005,33,36,272922.19,90764.15
CA00542,P001,17,23,3752.18,1512.33
CA00542,P002,21,22,2165.87,933.29
CA00542,P003,18,24,6353.11,2401.00
CA00543,P008,12,14,70336.39,25615.39
CA00543,P006,2,2,2010.84,553.10
CA00544,P007,11,11,27822.30,8721.52
CA00544,P005,25,33,230331.60,83347.97
CA00545,P006,22,23,15087.51,4393.41
CA00546,P001,14,18,63949.22,26969.72
CA00547,P001,13,14,36068.66,14436.19
CA00547,P005,29,38,264483.37,84105.89
CA00548,P003,22,25,300728.00,118232.24
CA00549,P001,23,24,34268.89,13585.11
CA00549,P006,22,27,20814.75,5588.20
CA00550,P004,24,28,196169.42,66676.25
CA00550,P008,16,17,192108.82,74273.62
CA00550,P002,17,22,81437.81,36378.98
CA00551,P008,23,29,133363.54,50925.69
CA00551,P004,34,36,113730.99,41810.51
CA00551,P006,8,10,7300.42,2059.36
CA00552,P007,11,15,73652.86,23853.94
CA00552,P001,19,21,142473.56,57483.73
CA00553,P001,14,15,16007.26,6960.00
CA00554,P006,20,24,2035.66,548.19
CA00555,P001,24,28,56642.59,23108.09
CA00556,P002,1,1,4832.11,2224.14
CA00556,P004,25,29,235279.56,84989.49
CA00557,P007,17,18,80091.30,23369.95
CA00558,P004,19,20,153384.55,54833.40
CA00558,P006,24,30,44238.27,12068.08
CA00559,P006,29,34,87090.58,25505.99
CA00560,P006,23,29,2974.07,917.15
CA00560,P003,19,21,18129.80,7693.75
CA00561,P008,17,20,176732.02,60792.88
CA00561,P001,12,12,35227.76,15805.00
CA00562,P005,12,13,54884.65,19307.96
CA00563,P004,9,12,164546.28,57925.00
CA00563,P006,4,4,18082.19,5649.28
CA00564,P005,27,28,118851.19,42867.43
CA00565,P002,18,23,125284.72,55794.64
CA00566,P007,19,25,54454.18,16586.92
CA00567,P005,20,25,122782.00,44772.96
CA00568,P002,31,39,201381.50,89151.02
CA00568,P007,32,37,128950.57,39168.09
CA00569,P008,33,34,167992.64,63382.51
CA00569,P006,28,33,24762.26,6964.74
CA00570,P004,25,34,137842.49,44140.89
CA00571,P007,32,35,78501.93,22462.82
CA00572,P003,26,28,212041.10,82965.20
CA00573,P004,3,3,40562.54,13708.13
CA00574,P007,21,25,111087.87,33741.02
CA00575,P004,19,21,293719.67,109508.41
CA00576,P007,22,25,129726.34,40019.46
CA00577,P004,22,24,191318.06,71189.40
CA00577,P006,18,24,37646.21,9873.35
CA00578,P002,18,24,112312.78,51531.45
CA00579,P008,5,5,81736.35,27529.18
CA00580,P007,20,22,32691.16,9934.18
CA00580,P002,21,22,59101.21,25949.98
CA00581,P004,23,27,200006.29,69802.25
CA00581,P001,17,21,58998.79,24337.06
CA00581,P003,16,21,122550.64,51666.24
CA00582,P008,22,26,656701.99,250704.91
CA00583,P007,21,23,45722.57,13871.88
CA00584,P008,11,11,214341.82,76940.03
CA00584,P004,3,3,42318.19,15007.04
CA00585,P007,22,26,47241.21,14025.61
CA00586,P004,13,15,90458.96,31183.03
CA00587,P008,18,20,444345.83,157118.70
CA00588,P006,19,25,14124.64,3737.69
CA00589,P005,31,36,54296.53,17440.98
CA00590,P006,15,18,53742.63,14958.28
CA00590,P004,22,23,314333.94,113893.61
CA00590,P003,40,52,471633.82,184552.30
CA00591,P001,23,30,28338.56,12747.69
CA00592,P006,14,14,6676.33,2089.00
CA00592,P001,24,30,13695.58,6141.98
CA00593,P008,13,13,215167.70,81440.28
CA00593,P003,20,21,187268.48,69528.36
CA00593,P002,7,8,48312.20,21899.18
CA00594,P003,20,27,129454.84,47418.16
CA00595,P003,18,19,80224.26,29398.07
CA00596,P008,22,30,220299.04,82281.38
CA00596,P004,4,4,28371.97,9099.04
CA00596,P007,21,24,47036.02,14279.84
CA00597,P005,13,17,54027.91,17149.06
CA00597,P004,19,19,76878.18,28389.97
CA00598,P001,22,28,42852.71,17527.88
CA00599,P002,15,16,31339.80,14348.35
CA00599,P004,21,28,70630.63,24293.84
CA00600,P002,17,20,72136.92,33789.87
CA00600,P003,24,28,159002.91,66354.59
CA00600,P005,21,22,168393.71,51975.60
CA00601,P002,28,30,86687.23,38027.51
CA00602,P004,21,26,181129.78,67273.34
CA00602,P008,16,18,226175.18,76546.00
CA00603,P006,23,27,94275.40,29502.54
CA00604,P002,18,23,57113.30,25600.68
CA00605,P002,11,13,25966.75,11983.52
CA00606,P004,25,33,313546.43,103862.93
CA00606,P002,23,27,165646.04,77739.57
CA00607,P004,26,33,175437.70,60117.48
CA00608,P007,21,25,112368.09,38686.71
CA00609,P005,18,23,99656.54,33061.35
CA00610,P006,11,12,2331.08,636.16
CA00611,P005,15,18,3192.20,989.37
CA00611,P006,28,30,3065.46,928.48
CA00612,P001,13,17,63886.89,28063.31
CA00612,P004,12,14,156952.70,52803.68
CA00612,P003,25,30,318784.79,127358.51
CA00613,P001,20,23,151063.79,65273.46
CA00614,P008,12,14,318596.72,113925.01
CA00615,P004,20,27,135838.96,46053.84
CA00616,P007,17,21,43782.57,13173.25
CA00617,P006,13,17,57851.16,16636.57
CA00617,P003,8,8,102188.72,40177.27
CA00618,P008,15,19,116495.68,41972.96
CA00619,P002,10,12,91369.22,41302.13
CA00620,P007,17,18,25073.11,8148.13
CA00621,P002,31,38,174215.15,77389.62
CA00622,P007,29,31,197566.52,66532.78
CA00623,P004,14,16,190588.16,66133.37
CA00623,P006,24,30,81257.93,22311.58
CA00624,P005,25,26,378376.53,127980.04
CA00625,P007,17,19,46495.46,14010.85
CA00626,P001,26,28,56172.78,25033.25
CA00626,P008,7,7,49639.64,16656.97
CA00627,P008,24,30,324841.08,126864.09
CA00628,P008,17,18,419899.78,146727.95
CA00629,P002,18,21,34365.33,14771.40
CA00629,P001,10,11,12672.22,5309.98
CA00630,P007,27,29,129795.13,43765.06
CA00631,P007,26,28,98775.11,32322.04
CA00632,P005,25,32,277420.77,86238.53
CA00633,P008,26,30,694199.04,257132.87
CA00634,P005,10,13,99003.33,30215.16
CA00634,P003,12,14,92624.63,36874.75
CA00634,P008,25,28,353201.10,122599.87
CA00635,P005,29,34,513461.20,178173.19
CA00636,P005,6,6,63670.35,21525.10
CA00636,P008,30,36,401261.04,137136.98
CA00637,P005,31,41,338245.91,121708.76
CA00637,P001,23,28,85346.74,36593.61
CA00638,P004,20,27,110573.39,37675.14
CA00639,P002,26,31,160978.41,70423.02
CA00640,P006,25,28,121639.56,34449.44
CA00641,P001,25,32,33415.92,15116.74
CA00641,P005,14,15,56105.16,19879.36
CA00642,P007,14,16,49707.73,14938.36
CA00643,P002,14,15,38275.72,17679.03
CA00644,P008,15,18,327896.65,126616.18
CA00645,P006,16,22,2266.88,666.52
CA00646,P008,21,28,118398.37,42196.62
CA00647,P002,14,15,69592.94,29998.58
CA00648,P004,7,8,126272.42,42476.67
CA00649,P008,19,20,539752.70,200196.69
CA00649,P002,17,20,183684.92,81199.50
CA00650,P001,5,5,30919.76,12409.14
CA00651,P008,30,39,231302.06,83151.72
CA00652,P002,4,4,8670.27,3722.98
CA00652,P001,20,21,27451.22,11233.76
CA00653,P007,30,32,114487.34,33445.34
CA00654,P004,18,23,50184.94,18803.40
CA00655,P005,16,18,220051.87,67454.08
CA00656,P004,34,46,337012.35,123821.32
CA00657,P008,15,16,269481.90,101914.66
CA00657,P004,29,33,396153.27,139941.43
CA00658,P003,23,27,173605.46,67587.91
CA00659,P007,21,23,84883.71,28804.60
CA00659,P004,1,1,12190.33,4395.96
CA00660,P003,11,13,133412.44,54137.71
CA00660,P007,19,23,93987.43,30347.99
CA00661,P002,15,18,38156.59,18000.57
CA00662,P007,16,22,52465.72,16935.09
CA00663,P001,21,22,32523.60,13779.64
CA00664,P008,23,29,165623.37,56986.72
CA00664,P007,19,22,25764.84,8648.67
CA00665,P004,6,6,60378.28,19418.27
CA00666,P002,35,43,65205.21,31318.69
CA00666,P003,16,20,43636.97,17727.97
CA00666,P006,12,14,10159.61,2881.10
CA00667,P003,24,29,203750.58,75491.53
CA00668,P003,26,34,198789.53,75811.81
CA00668,P006,25,33,59608.96,16026.62
CA00669,P001,22,29,21098.28,8360.98
CA00670,P001,18,21,56047.89,24058.69
CA00671,P006,17,23,28294.83,8369.49
CA00671,P002,11,14,43857.92,20240.30
CA00671,P003,10,11,59775.65,25227.88
CA00672,P002,13,17,29448.85,13138.92
CA00672,P004,22,23,90217.01,33700.92
CA00673,P002,20,21,160221.44,74266.73
CA00673,P006,25,31,91947.22,23831.18
CA00674,P008,12,15,171701.28,61334.08
CA00674,P004,18,18,193038.38,61297.65
CA00675,P008,18,21,117679.89,45603.73
CA00675,P004,25,27,95288.68,30106.43
CA00676,P004,31,35,144004.85,45941.07
CA00677,P001,11,14,62248.22,25549.88
CA00678,P007,20,22,29770.56,9614.20
CA00678,P008,21,27,120882.48,46040.10
CA00679,P002,4,4,611.05,281.60
CA00679,P003,10,13,407.19,150.32
CA00680,P006,20,26,84223.91,24653.24
CA00681,P007,16,17,32055.71,9625.38
CA00682,P007,24,32,130187.30,40330.84
CA00683,P007,25,30,25109.15,7522.84
CA00684,P005,23,24,308366.66,109423.77
CA00685,P007,21,27,38193.15,12427.13
CA00686,P002,22,23,186906.16,85114.53
CA00687,P002,21,27,28407.75,12980.05
CA00688,P008,18,19,6791.01,2487.61
CA00688,P006,25,30,3963.89,1013.28
CA00689,P002,30,35,85698.62,40956.87
CA00690,P008,28,32,355619.72,131346.47
CA00691,P004,23,26,100447.94,33152.50
CA00692,P002,6,8,8759.67,4009.32
CA00692,P008,29,34,102109.96,37588.58
CA00692,P006,10,13,5904.59,1664.74
CA00693,P008,26,31,609398.61,205559.53
CA00694,P003,18,21,90982.74,33936.18
CA00694,P007,18,24,36924.72,11847.80
CA00695,P004,33,36,463994.32,162343.95
CA00696,P006,14,18,17135.79,5095.10
CA00697,P008,21,23,192954.42,75650.87
CA00697,P003,12,15,66833.20,25904.80
CA00698,P001,21,25,63344.29,28074.46
CA00698,P006,10,10,20590.35,5951.59
CA00698,P002,28,38,137206.18,62543.34
CA00699,P004,25,29,89125.56,28650.54
CA00700,P003,18,20,50672.67,21312.77
CA00701,P006,7,8,16680.25,4299.56
CA00702,P007,7,7,6704.30,2148.75
CA00703,P008,23,24,205835.55,80998.71
CA00703,P007,21,28,43777.30,13456.68
CA00704,P001,15,19,67171.86,27613.34
CA00704,P002,25,33,167921.23,76790.73
CA00705,P003,20,23,107719.03,44899.24
CA00705,P007,16,20,34311.25,11425.32
CA00706,P005,15,19,164656.50,53281.98
CA00707,P006,31,34,133870.81,34338.79
CA00708,P005,28,36,265356.55,95168.89
CA00709,P004,32,34,100927.22,34002.89
CA00710,P003,23,28,161045.75,63884.62
CA00711,P001,18,19,33659.91,14356.41
CA00712,P008,20,22,278672.57,96315.83
CA00712,P003,13,15,95342.41,35337.40
CA00713,P004,22,29,54537.42,18169.30
CA00714,P006,24,29,64070.91,19423.07
CA00715,P006,19,23,12130.95,3654.88
CA00716,P002,20,26,47031.88,22130.49
CA00716,P001,16,17,28021.67,12723.47
CA00716,P008,10,12,68495.49,26878.35
CA00717,P002,17,21,86828.77,38729.25
CA00718,P007,15,18,24851.01,7722.49
CA00718,P001,37,47,84097.30,34527.53
CA00718,P002,12,15,40847.05,19644.62
CA00719,P006,20,24,22890.10,5925.38
CA00719,P004,28,29,117282.95,41221.87
CA00720,P005,30,33,98378.22,31864.97
CA00721,P007,27,31,43024.52,12348.96
CA00722,P008,4,5,10453.55,3949.92
CA00722,P004,23,27,46787.38,16509.95
CA00723,P001,23,29,56840.87,23328.42
CA00724,P002,18,18,16964.93,7587.52
CA00725,P008,30,32,252434.68,86853.04
CA00726,P003,10,11,20073.05,7724.58
CA00727,P001,8,10,11014.66,4726.25
CA00728,P006,1,1,3076.03,946.42
CA00729,P001,12,14,42030.40,17557.06
CA00730,P001,25,31,9246.14,4026.42
CA00730,P006,25,29,6128.33,1578.10
CA00731,P008,21,22,102556.65,38892.44
CA00731,P003,19,21,54702.92,20199.87
CA00732,P006,21,26,58618.86,15647.20
CA00733,P007,24,31,17505.35,5099.22
CA00734,P006,19,20,8088.20,2365.37
CA00735,P002,31,35,155150.15,70519.35
CA00736,P001,22,25,85502.23,37385.96
CA00736,P006,17,17,41432.06,10687.33
CA00737,P006,23,25,35969.27,11071.77
CA00738,P005,6,7,65457.01,23456.56
CA00739,P005,22,26,207865.77,72784.28
CA00739,P002,18,19,84674.53,38450.08
CA00740,P008,11,11,98186.62,37607.48
CA00740,P007,25,28,52149.00,16255.17
CA00741,P008,31,41,91587.23,33237.82
CA00741,P002,20,22,20726.62,9904.46
CA00742,P008,10,13,115446.46,40179.50
CA00743,P003,34,39,55950.85,21594.46
CA00744,P008,21,25,62422.24,23365.92
CA00744,P004,11,12,20820.46,7340.87
CA00745,P006,20,22,14994.73,4343.25
CA00746,P007,16,21,35674.84,11469.57
CA00746,P004,14,14,96986.03,30771.80
CA00747,P007,16,21,23176.36,7273.37
CA00748,P007,15,17,16582.84,5652.15
CA00748,P008,24,26,118851.58,42037.21
CA00749,P002,22,29,67551.92,28921.81
CA00749,P003,14,15,63946.87,23464.60
CA00750,P007,22,23,16451.69,5066.66
CA00750,P001,9,9,7557.74,3163.94
CA00751,P002,27,34,32978.42,14496.84
CA00752,P001,15,16,45133.35,18632.14
CA00753,P002,14,14,31594.06,13830.06
CA00754,P001,23,29,76540.28,31373.61
CA00755,P006,21,22,37414.29,11402.59
CA00756,P001,30,41,119796.76,47479.49
CA00756,P005,18,23,181061.58,58942.45
CA00757,P002,9,10,44707.38,20280.70
CA00758,P004,9,10,16892.96,6133.24
CA00759,P002,17,21,37601.56,16275.45
CA00760,P001,18,24,29149.04,12367.62
CA00760,P003,16,20,59357.00,22885.20
CA00761,P005,14,16,52320.99,17280.68
CA00761,P004,30,31,96307.38,32018.35
CA00761,P003,32,39,79196.57,32278.17
CA00762,P002,14,16,82600.53,39222.26
CA00763,P007,14,17,45779.52,14803.26
CA00763,P003,8,9,63291.07,26555.01
CA00764,P004,21,25,41442.20,13356.80
CA00765,P003,18,24,128975.50,49411.51
CA00766,P001,24,29,96148.97,43450.50
CA00766,P003,13,14,115783.07,42320.81
CA00767,P007,16,21,46072.07,13415.16
CA00768,P008,11,11,33105.87,11420.30
CA00768,P001,15,20,13293.83,5874.54
CA00769,P008,15,17,181969.47,61639.06
CA00770,P001,22,30,22282.88,9857.70
CA00770,P006,12,14,8395.76,2397.01
CA00770,P004,33,37,97680.94,36131.86
CA00771,P008,22,27,130442.02,50747.32
CA00772,P006,19,23,18478.25,5670.51
CA00772,P002,18,21,38766.65,17487.31
CA00773,P007,10,12,8001.50,2477.16
CA00774,P008,23,29,176384.87,64294.89
CA00775,P006,28,36,24327.27,7471.49
CA00776,P003,6,6,45570.86,16760.89
CA00777,P001,19,20,13964.48,6035.33
CA00778,P005,19,20,189984.33,63289.15
CA00779,P004,15,15,95915.07,32316.17
CA00780,P004,14,15,43840.63,14446.56
CA00781,P003,4,4,1314.11,551.19
CA00782,P003,14,16,75803.78,29475.26
CA00783,P004,34,40,121285.24,39673.36
CA00784,P007,21,26,83107.34,24486.77
CA00785,P002,18,24,46037.43,22227.62
CA00786,P002,13,14,64331.71,29110.67
CA00787,P006,12,15,8822.79,2369.73
CA00788,P004,12,13,56239.70,19419.86
CA00788,P002,18,24,44868.38,19641.37
CA00788,P007,23,28,34428.89,11582.70
CA00789,P003,4,4,657.55,263.73
CA00790,P004,16,17,108857.90,40379.28
CA00790,P001,7,8,18342.91,7304.13
CA00791,P002,23,30,38265.37,18429.28
CA00792,P007,25,28,107898.58,33756.15
CA00793,P001,28,35,38893.99,16849.49
CA00794,P002,27,30,2765.74,1255.31
CA00795,P006,11,14,18123.77,5305.73
CA00795,P004,32,34,207604.88,71648.49
CA00795,P005,31,38,225157.18,71437.60
CA00796,P005,20,23,216387.04,72859.07
CA00796,P002,7,8,42512.79,19358.59
CA00797,P004,16,19,42139.94,13998.73
CA00798,P004,20,25,59619.48,22229.27
CA00799,P003,24,27,49215.81,18001.69
CA00800,P003,19,20,50996.20,19223.38
CA00801,P005,25,26,92699.21,32093.51
CA00802,P007,17,20,10080.00,3342.62
CA00802,P004,3,3,5526.53,1823.62
CA00803,P004,27,30,64802.38,23143.17
CA00803,P008,26,34,85662.07,33474.02
CA00803,P007,27,34,21141.17,6888.76
CA00804,P008,18,23,112013.02,39450.87
CA00805,P003,23,26,54735.81,22641.10
CA00806,P001,21,29,15084.59,6008.56
CA00806,P003,13,17,18317.65,6742.11
CA00807,P003,9,11,38671.75,15989.77
CA00807,P005,11,13,64107.24,20493.51
CA00808,P006,20,23,43171.69,11885.69
CA00809,P002,25,26,53668.51,26008.67
CA00810,P001,17,21,13405.43,5504.45
CA00811,P003,17,21,108576.74,40996.38
CA00812,P001,18,24,14570.78,5818.84
CA00812,P005,32,33,83163.19,27269.94
CA00812,P004,38,40,93087.79,29389.65
CA00813,P004,17,21,164021.50,60529.22
CA00813,P002,13,15,68518.20,31713.69
CA00814,P002,13,15,45009.78,20293.95
CA00814,P001,17,22,48907.65,19670.11
CA00815,P006,13,13,18945.29,5520.11
CA00815,P008,23,26,175600.56,67099.31
CA00816,P007,12,14,912.71,298.88
CA00817,P003,25,29,58633.63,23020.74
CA00818,P003,24,30,162193.55,59344.15
CA00818,P004,13,16,133771.07,44969.87
CA00819,P004,42,44,285718.28,92890.62
CA00819,P005,28,29,217156.45,76747.49
CA00819,P003,15,17,85340.67,33415.68
CA00820,P005,25,29,239625.04,81519.36
CA00820,P001,23,25,66757.04,26624.14
CA00821,P001,19,25,80722.53,33971.90
CA00822,P006,8,8,4541.91,1304.01
CA00823,P002,8,8,9487.21,4508.75
CA00824,P003,25,26,155174.77,61619.36
CA00825,P004,14,19,62032.94,23164.76
CA00825,P006,14,15,16083.64,4844.22
CA00826,P003,10,10,100367.08,40604.29
CA00826,P001,21,21,90161.11,38704.69
CA00827,P003,19,21,37603.00,14961.96
CA00828,P008,24,28,404395.54,137638.10
CA00828,P001,14,17,62786.78,26598.40
CA00828,P004,27,30,316291.69,109453.08
CA00829,P004,1,1,3543.83,1234.57
CA00829,P003,23,31,70328.65,28339.08
CA00830,P005,15,20,118709.38,37325.98
CA00831,P001,18,21,29564.08,12078.99
CA00832,P003,16,20,47594.72,18934.02
CA00832,P005,17,21,71297.90,24660.66
CA00833,P005,26,32,126998.02,42040.16
CA00834,P002,6,8,8615.31,3728.65
CA00835,P007,23,30,26954.16,8950.13
CA00836,P008,17,21,313132.49,115534.34
CA00837,P001,9,12,12567.18,5142.62
CA00837,P003,20,22,57776.72,23197.25
CA00837,P006,23,27,21684.71,6051.42
CA00838,P001,12,12,14474.81,5994.86
CA00839,P006,24,25,68911.60,20819.12
CA00840,P006,16,18,11284.47,3084.01
CA00840,P002,23,26,42068.76,19392.11
CA00841,P001,2,2,1887.26,812.50
CA00841,P004,18,20,38529.98,13852.24
CA00842,P008,16,16,46582.39,16389.03
CA00843,P008,26,30,270101.46,101924.80
CA00843,P003,30,39,170185.35,66800.24
CA00844,P004,27,33,170890.66,61794.72
CA00845,P007,32,39,143287.55,46777.99
CA00845,P004,19,20,227259.26,81821.05
CA00846,P005,13,18,121350.75,39175.71
CA00847,P007,24,29,64239.40,20461.47
CA00848,P003,21,23,165946.58,63793.47
CA00849,P008,22,25,344653.10,124809.85
CA00850,P002,22,26,112339.24,51027.27
CA00850,P003,14,18,100653.06,40713.50
CA00851,P001,20,22,21458.02,9377.47
CA00851,P004,17,18,50394.64,16752.59
CA00852,P001,16,21,64667.62,27613.63
CA00853,P002,14,16,27701.25,11938.08
CA00853,P001,25,29,34593.56,13794.73
CA00854,P004,21,23,103363.23,34604.08
CA00855,P001,16,17,60770.39,26285.63
CA00856,P007,25,27,57712.93,18760.20
CA00857,P002,16,18,41612.09,19697.30
CA00858,P005,22,24,146221.51,47606.12
CA00858,P002,24,28,80721.22,34434.85
CA00859,P007,18,20,51264.22,14843.32
CA00859,P001,12,14,40698.63,18173.11
CA00859,P005,3,3,28617.54,8962.87
CA00860,P006,17,20,55667.69,15297.62
CA00861,P007,12,14,10071.67,3079.94
CA00862,P002,25,29,88555.71,38627.18
CA00863,P006,19,25,22434.16,6419.56
CA00864,P004,30,40,83472.60,30382.40
CA00864,P001,18,23,17663.00,7208.49
CA00865,P002,24,27,68829.21,32357.85
CA00866,P007,18,21,60859.81,20792.00
CA00867,P008,18,22,80358.73,30101.49
CA00867,P004,13,14,33884.76,11376.31
CA00868,P007,6,7,6117.67,1896.41
CA00869,P002,11,15,33497.23,15454.45
CA00870,P003,19,20,158290.66,65184.42
CA00870,P001,13,16,48330.66,20000.89
CA00871,P008,32,40,697799.98,257715.06
CA00872,P008,25,32,366271.86,130374.89
CA00873,P001,23,30,19022.79,7802.00
CA00873,P002,9,10,10242.62,4881.00
CA00873,P003,7,9,11357.70,4507.17
CA00874,P003,15,16,140331.56,56356.73
CA00874,P007,6,8,25871.53,7827.64
CA00875,P005,21,25,209050.12,74600.85
CA00876,P006,20,22,22602.41,6971.57
CA00876,P008,13,17,86945.41,31872.02
CA00876,P005,13,13,66853.50,22350.88
CA00877,P003,24,29,144762.52,54852.30
CA00878,P007,18,20,46680.80,13574.79
CA00878,P006,13,14,28838.85,9062.89
CA00879,P002,21,22,134.61,58.59
CA00880,P005,26,27,111155.11,37854.22
CA00881,P008,26,29,131119.51,49282.63
CA00882,P008,28,36,122276.80,44112.52
CA00883,P002,24,27,59804.15,26979.62
CA00884,P002,11,11,55448.94,24682.98
CA00885,P003,24,29,49126.73,17972.55
CA00886,P006,22,26,43663.58,12571.92
CA00886,P008,19,21,213491.91,77309.40
CA00887,P003,14,18,145582.88,54915.17
CA00887,P004,17,21,226470.82,76760.00
CA00888,P001,24,28,51953.04,21897.64
CA00889,P002,19,25,49741.32,22140.17
CA00889,P006,30,31,37423.77,10098.66
CA00890,P003,14,15,195567.01,73348.94
CA00891,P006,10,13,23616.42,6458.41
CA00892,P007,8,9,24385.66,7858.83
CA00893,P007,18,22,64466.00,20632.19
CA00894,P006,18,18,27164.29,7182.83
CA00894,P001,9,9,22925.05,9920.30
CA00894,P005,3,3,18878.88,5792.98
CA00895,P004,17,19,183909.97,68846.52
CA00895,P001,16,18,57976.62,23536.44
CA00896,P008,29,38,191186.15,73893.03
CA00897,P006,24,28,61542.27,17723.33
CA00898,P002,24,25,100827.23,48427.82
CA00899,P002,25,31,33468.30,14683.85
CA00900,P007,21,24,14922.81,4938.11
CA00901,P003,17,19,9469.60,3818.51
CA00901,P008,30,40,23424.44,8498.23
CA00901,P001,10,12,1557.51,616.77
CA00902,P004,32,42,92624.02,29358.44
CA00903,P004,32,34,74104.27,24188.60
CA00904,P004,17,19,75394.09,25793.03
CA00904,P002,20,22,58906.64,27314.61
CA00905,P003,17,22,34902.79,14676.44
CA00906,P006,18,24,58445.03,16804.54
CA00906,P002,16,17,114579.71,53294.27
CA00907,P002,14,17,31458.93,15056.81
CA00907,P006,15,16,17110.26,4714.80
CA00908,P007,18,19,46973.81,16172.40
CA00908,P004,5,6,39597.26,14709.75
CA00909,P003,24,31,205322.17,86538.92
CA00909,P004,24,31,235580.93,88125.86
CA00910,P001,10,12,39520.26,17893.04
CA00911,P001,25,33,21908.12,9344.16
CA00912,P001,19,19,27488.40,11784.20
CA00912,P003,27,35,91187.11,34882.86
CA00913,P008,13,13,159189.83,53478.19
CA00914,P006,24,31,14828.50,4083.59
CA00914,P008,33,41,121943.31,40857.52
CA00914,P003,28,31,52304.72,21305.00
CA00915,P005,26,33,123810.10,43092.42
CA00915,P001,10,13,17414.99,7135.40
CA00916,P001,21,25,31967.30,12823.14
CA00916,P006,19,26,19487.89,5562.31
CA00917,P006,4,4,15887.04,4728.59
CA00917,P003,20,26,251348.08,99530.86
CA00918,P001,18,23,73157.42,31901.89
CA00918,P004,27,31,298656.53,103334.86
CA00919,P005,16,16,90504.02,29462.19
CA00919,P001,15,19,27496.74,11971.04
CA00920,P008,27,28,536341.97,182422.52
CA00920,P007,14,19,67073.64,21315.13
CA00920,P005,11,12,160548.63,53336.17
CA00921,P005,17,17,57959.21,19002.64
CA00921,P006,23,28,16964.08,4604.10
CA00922,P001,21,22,44173.19,18645.60
CA00922,P002,11,12,37005.13,17479.92
CA00923,P005,14,16,57959.18,20046.60
CA00924,P004,20,26,228789.01,79928.09
CA00924,P001,17,19,73183.79,33029.12
CA00925,P007,20,21,79363.39,26740.42
CA00926,P006,27,35,93448.37,27479.53
CA00926,P001,23,24,112667.30,45707.17
CA00927,P007,15,20,76775.54,23437.62
CA00928,P007,16,20,24130.43,6930.48
CA00929,P008,9,9,83392.47,30013.09
CA00930,P005,24,32,257244.04,79769.90
CA00931,P006,21,28,65461.68,18113.35
CA00932,P006,20,24,46271.29,13767.91
CA00932,P002,15,18,71757.12,33077.70
CA00933,P006,11,13,25888.45,7510.50
CA00934,P004,36,38,175773.39,63876.80
CA00935,P005,25,28,157775.09,56475.88
CA00936,P005,12,12,109996.65,33871.86
CA00937,P008,32,34,437230.73,149805.17
CA00938,P006,19,21,17549.23,4893.64
CA00939,P004,25,27,62922.91,21466.59
CA00940,P003,9,10,66323.28,26802.98
CA00941,P007,22,25,45586.42,13986.08
CA00941,P006,4,4,6849.06,1799.90
CA00942,P008,27,34,421399.93,151788.17
CA00943,P004,8,10,101707.54,34972.21
CA00944,P001,21,27,9515.62,4046.29
CA00945,P003,27,32,133953.75,50075.78
CA00945,P008,24,28,232496.45,86846.86
CA00946,P001,17,21,22957.92,9237.20
CA00947,P006,11,12,38147.43,10769.81
CA00948,P004,32,37,38337.55,13992.66
CA00949,P004,28,38,87433.46,29349.59
CA00949,P008,30,35,139521.59,47263.78
CA00950,P004,16,17,54420.42,20372.51
CA00951,P005,20,23,266319.87,88275.64
CA00951,P002,16,20,97198.80,46929.35
CA00952,P008,20,22,46586.90,16209.61
CA00953,P007,19,23,13563.31,4072.99
CA00954,P002,19,25,94801.45,44490.65
CA00955,P004,27,36,122173.66,42171.89
CA00956,P008,11,14,156210.34,58468.98
CA00956,P004,23,26,211981.28,76583.28
CA00957,P008,17,22,169467.60,66792.15
CA00958,P001,21,27,122139.66,53316.08
CA00959,P001,30,36,98028.13,42396.77
CA00959,P003,13,17,97813.05,36551.97
CA00960,P005,23,27,125103.48,38478.31
CA00961,P003,22,24,84119.61,30849.29
CA00961,P008,14,17,113847.99,38681.49
CA00962,P003,11,13,7212.81,2844.78
CA00962,P005,30,37,46107.76,14767.06
CA00963,P008,24,30,230588.72,82746.76
CA00964,P006,30,35,17712.10,5214.60
CA00964,P003,10,12,20896.73,7934.08
CA00965,P007,13,15,43062.85,14179.95
CA00966,P002,10,10,54948.39,25218.35
CA00966,P005,18,20,215794.26,70535.41
CA00967,P008,20,21,278287.74,108427.14
CA00968,P008,29,37,766141.81,259004.83
CA00969,P005,32,34,128803.50,42201.31
CA00970,P007,14,19,17816.89,5900.33
CA00971,P005,14,18,204065.70,64890.75
CA00971,P002,19,23,146979.97,69250.57
CA00972,P008,21,23,245971.40,95742.23
CA00973,P006,18,21,61455.71,16140.12
CA00974,P006,9,9,23382.76,7183.52
CA00975,P005,29,30,285004.05,93217.69
CA00976,P006,23,27,45208.48,12299.54
CA00977,P003,14,18,160111.94,59513.27
CA00978,P008,5,5,83778.66,32524.38
CA00979,P003,24,31,264972.09,109021.41
CA00980,P004,30,37,165624.17,58271.86
CA00981,P007,14,19,20785.12,6899.18
CA00982,P006,13,17,29660.68,8273.84
CA00982,P007,16,18,51422.38,16869.07
CA00982,P004,27,32,265861.37,91718.37
CA00983,P005,31,39,379645.74,131454.72
CA00983,P001,12,15,53177.30,22387.54
CA00984,P005,29,36,130822.60,47578.61
CA00985,P008,14,14,89013.92,33451.45
CA00985,P002,23,30,50028.87,22244.86
CA00985,P006,23,29,24285.36,6246.13
CA00986,P003,12,13,78069.48,30598.65
CA00987,P007,12,13,45187.40,13740.99
CA00987,P002,15,20,108384.11,46128.57
CA00987,P008,25,30,441882.15,174089.48
CA00988,P004,3,3,28519.72,9021.18
CA00988,P003,15,18,123509.13,50478.80
CA00989,P007,11,13,11885.51,3616.80
CA00989,P004,25,27,88387.72,31380.88
CA00989,P006,20,22,16456.42,4606.27
CA00990,P004,16,19,65858.43,23995.04
CA00991,P006,23,25,89761.05,24378.45
CA00991,P008,16,20,397312.90,155075.90
CA00992,P005,23,26,384177.75,135371.74
CA00993,P002,24,25,159926.85,73586.11
CA00993,P003,22,27,224808.46,91715.06
CA00994,P006,11,14,37389.04,10370.29
CA00994,P002,28,29,204271.63,90809.27
CA00995,P006,2,2,4982.43,1305.98
CA00996,P002,15,20,38312.94,18477.21
CA00997,P008,17,20,333439.46,123295.67
CA00998,P002,15,18,46078.07,21555.91
CA00999,P005,17,19,53428.13,16457.90
CA01000,P005,23,31,89236.44,31426.23
CA01001,P008,19,23,440945.75,151499.05
CA01002,P007,25,29,19641.83,6611.48
CA01002,P001,16,18,15969.85,7125.80
CA01003,P001,15,16,11931.23,5320.40
CA01004,P007,15,17,64960.20,21647.58
CA01005,P002,32,35,77627.92,34354.16
CA01005,P001,25,29,39889.92,16366.74
CA01006,P002,20,24,158932.71,75688.77
CA01007,P002,15,18,111819.51,52176.53
CA01008,P008,26,29,134482.33,46085.37
CA01008,P001,16,17,18553.31,7414.13
CA01009,P005,27,35,106121.75,33799.92
CA01010,P006,23,24,28358.65,7433.39
CA01011,P007,9,9,16863.32,4825.68
CA01011,P003,8,10,47669.91,18077.83
CA01011,P004,11,13,73619.31,25934.71
CA01012,P001,32,35,151086.44,67492.46
CA01013,P003,19,21,95021.02,38516.05
CA01014,P007,20,25,47624.38,16256.89
CA01015,P007,7,7,19186.30,6429.88
CA01016,P001,18,23,77142.96,32906.65
CA01016,P005,6,7,78872.51,27030.00
CA01017,P004,27,31,469.42,172.51
CA01018,P002,7,8,32197.32,15061.09
CA01018,P005,25,27,228869.04,82372.21
CA01019,P008,27,32,383764.79,147889.35
CA01020,P002,33,41,129023.01,60419.95
CA01020,P001,27,29,71846.92,29263.80
CA01021,P001,20,27,48926.32,19933.72
CA01022,P007,10,10,204.60,67.18
CA01022,P008,22,26,10459.79,3617.52
CA01023,P005,35,38,407478.08,133983.26
CA01023,P001,15,18,65638.53,26795.42
CA01024,P005,15,19,102461.28,32164.05
CA01025,P002,27,32,76604.40,33551.94
CA01026,P003,25,26,295216.94,116888.03
CA01027,P006,17,21,71799.66,22223.11
CA01028,P002,9,11,34979.03,16217.41
CA01029,P004,24,26,266412.55,95343.13
CA01029,P005,25,27,305182.83,97637.14
CA01029,P001,23,24,95549.61,38476.23
CA01030,P006,14,18,17838.49,5517.82
CA01031,P006,22,24,34711.83,10877.98
CA01032,P001,17,18,91293.19,39915.14
CA01032,P006,17,22,64484.25,19327.79
CA01033,P006,17,18,20387.44,6396.67
CA01034,P005,32,37,226544.39,70921.94
CA01035,P006,13,17,7648.31,2364.30
CA01036,P003,12,13,53113.61,19523.31
CA01037,P008,17,21,160387.43,56057.48
CA01038,P001,24,28,127495.29,53186.45
CA01038,P006,15,17,54592.89,17027.84
CA01039,P004,13,17,157406.62,58941.86
CA01040,P005,25,29,140693.45,46567.67
CA01041,P002,11,12,18381.26,8500.05
CA01042,P003,5,6,28815.50,10692.67
CA01043,P006,14,17,58701.00,17697.46
CA01044,P002,12,13,110064.14,48952.19
CA01045,P007,18,20,78027.72,23370.57
CA01045,P008,25,30,421117.26,158607.63
CA01046,P005,24,26,176962.71,55546.75
CA01047,P006,19,25,54443.86,17041.64
CA01047,P003,7,7,63580.21,25194.49
CA01048,P006,12,13,14268.78,4481.47
CA01049,P001,22,26,112414.27,49873.01
CA01049,P008,15,18,309290.01,116760.93
CA01049,P006,18,19,59093.98,16233.98
CA01050,P004,9,11,145376.45,49217.10
CA01050,P005,28,36,491781.89,162370.10
CA01051,P005,28,38,419472.00,129040.82
CA01052,P008,6,7,83660.34,31045.98
CA01053,P004,25,28,6790.33,2487.26
CA01054,P006,17,20,3437.46,1015.34
CA01055,P004,15,18,197151.08,67061.82
CA01056,P006,25,28,47315.56,13406.05
CA01057,P004,24,28,308738.27,106310.77
CA01058,P002,15,17,25955.80,12022.03
CA01059,P005,7,9,75305.49,22992.68
CA01060,P002,18,22,34440.85,16574.59
CA01061,P001,15,19,36201.93,15268.32
CA01061,P008,19,20,193904.63,73565.57
CA01062,P006,7,7,18429.22,5048.57
CA01063,P005,15,20,215135.06,69187.39
CA01064,P002,12,14,103766.32,47355.83
CA01065,P002,21,28,170398.66,77471.29
CA01066,P007,15,20,42146.26,12552.00
CA01067,P001,22,24,49694.89,21434.85
CA01067,P003,16,20,66441.10,24585.10
CA01068,P006,19,22,27951.73,8317.70
CA01068,P003,24,27,121108.22,46032.00
CA01068,P004,27,30,154723.16,49197.98
CA01069,P002,5,5,9445.35,4218.75
CA01070,P004,25,32,171440.62,54615.65
CA01070,P002,17,20,59068.10,25126.60
CA01070,P005,14,15,109850.16,37294.18
CA01071,P004,26,27,189321.49,70451.05
CA01072,P003,14,15,29930.55,11105.22
CA01073,P005,22,23,169219.25,54512.09
CA01074,P001,10,10,45143.57,19508.93
CA01074,P003,23,27,243245.47,100259.45
CA01075,P005,23,31,172909.45,58807.49
CA01075,P004,24,27,162775.50,52863.97
CA01076,P004,18,22,88852.70,30619.93
CA01077,P006,18,21,38346.89,10692.81
CA01078,P004,32,42,404895.98,145567.95
CA01079,P003,17,18,20805.32,8592.86
CA01079,P002,27,29,11677.06,5162.79
CA01080,P008,25,27,133047.82,50089.41
CA01081,P003,16,19,173662.99,68628.21
CA01082,P005,8,10,36884.85,13336.86
CA01083,P003,13,15,2060.09,840.65
CA01084,P002,1,1,4490.60,2104.23
CA01085,P008,21,24,347645.53,124290.85
CA01085,P004,7,9,85053.34,31421.15
CA01086,P006,21,25,75545.06,22698.17
CA01086,P001,2,2,9387.53,4005.58
CA01087,P005,9,10,165103.30,51727.35
CA01088,P001,15,16,67690.00,29652.83
CA01089,P002,22,29,81225.20,34679.07
CA01090,P008,22,23,90050.89,30551.47
CA01090,P007,19,21,19738.93,6595.01
CA01091,P001,19,21,68546.28,29939.49
CA01092,P001,13,13,25714.28,10603.41
CA01092,P007,15,17,21334.88,6267.25
CA01093,P008,33,44,587653.26,209200.24
CA01093,P003,13,14,126877.67,49707.02
CA01094,P008,12,13,56271.20,20709.38
CA01095,P007,16,16,26129.02,8284.56
CA01096,P001,28,31,95949.45,39672.52
CA01096,P002,12,16,61730.26,27050.04
CA01097,P007,11,14,9166.07,2741.27
CA01098,P004,27,29,244969.37,91554.95
CA01099,P006,21,26,28264.62,7602.80
CA01100,P001,10,12,49274.52,22034.94
CA01101,P008,24,26,148301.81,49949.76
CA01102,P001,24,25,19839.98,8022.55
CA01103,P006,8,10,9981.36,2779.85
CA01103,P007,9,9,16609.15,5725.21
CA01104,P005,15,16,53027.49,18687.72
CA01105,P007,25,29,30565.45,9072.01
CA01106,P003,22,29,253298.02,96537.74
CA01106,P007,4,5,16775.05,5633.45
CA01107,P005,21,25,80419.81,24530.38
CA01107,P008,15,15,76989.05,26464.96
CA01107,P003,14,18,39933.79,16842.99
CA01108,P006,21,24,17626.32,4776.54
CA01109,P001,1,1,1643.20,725.98
CA01109,P008,25,33,151284.92,56097.58
CA01110,P002,15,18,31783.59,14075.87
CA01111,P007,13,16,44834.83,14244.83
CA01112,P007,15,18,25691.23,8240.73
CA01113,P002,24,27,157873.28,76071.68
CA01114,P002,14,18,128145.96,58120.48
CA01115,P006,9,11,10822.26,3280.32
CA01115,P001,15,19,30444.21,12052.97
CA01116,P007,17,18,71070.34,21481.30
CA01117,P004,26,32,375294.34,137581.45
CA01117,P008,28,33,627886.04,240254.40
CA01118,P008,25,30,507923.16,185671.98
CA01118,P004,28,38,352137.05,114069.27
CA01119,P002,18,21,104833.63,47598.88
CA01119,P007,17,17,55816.45,18904.64
CA01119,P006,12,16,27105.40,8130.69
CA01120,P001,14,15,79666.39,33143.76
CA01120,P003,20,23,240924.49,94047.44
CA01121,P002,14,16,100935.39,44739.94
CA01122,P002,17,22,108765.05,46475.83
CA01123,P001,21,28,129631.02,56902.28
CA01124,P001,17,23,70069.47,30741.91
CA01125,P001,15,19,15757.34,6487.34
CA01125,P003,12,15,28533.58,10757.44
CA01126,P006,8,10,25869.05,6667.00
CA01127,P006,19,21,72545.28,22139.08
CA01127,P003,21,27,298332.02,114495.70
CA01128,P003,16,17,54010.65,20686.55
CA01129,P006,35,39,77369.21,22948.58
CA01130,P004,8,9,33691.22,12292.36
CA01131,P003,8,10,38555.02,16275.00
CA01131,P005,21,26,132455.85,41407.86
CA01132,P007,20,22,96345.95,28698.63
CA01133,P006,33,34,24875.68,7531.49
CA01133,P002,21,22,32584.55,14490.54
CA01133,P005,11,13,32559.45,10831.12
CA01134,P003,17,21,110024.02,43998.64
CA01135,P007,13,13,45466.41,15174.38
CA01136,P002,22,26,42975.95,19100.34
CA01137,P002,23,29,142991.04,66379.16
CA01138,P002,19,25,155037.11,68900.69
CA01139,P003,12,13,123983.94,52143.54
CA01139,P001,28,33,125372.42,50493.90
CA01140,P005,18,23,340369.15,123176.11
CA01141,P002,20,21,93586.15,41458.32
CA01142,P005,15,20,66959.34,22382.63
CA01143,P008,10,12,6117.71,2218.95
CA01144,P003,16,20,128722.37,51322.64
CA01144,P001,18,22,78939.74,32275.99
CA01145,P008,30,38,567518.13,212380.46
CA01146,P001,19,21,65848.47,27276.31
CA01146,P002,15,16,74645.80,33939.22
CA01146,P006,1,1,2042.59,553.40
CA01147,P006,16,18,39206.32,10306.32
CA01147,P007,14,19,40517.69,12023.67
CA01148,P008,15,16,135615.36,51396.39
CA01149,P003,10,12,97196.37,40452.47
CA01150,P005,18,21,220214.52,73573.77
CA01151,P005,25,30,78952.51,27021.61
CA01152,P002,22,29,171522.19,77087.84
CA01153,P005,17,19,184683.26,60724.93
CA01154,P006,7,7,8571.17,2360.84
CA01155,P001,15,20,33297.28,14315.40
CA01156,P006,15,20,23304.21,6389.69
CA01157,P007,12,14,58947.93,18544.76
CA01158,P008,14,18,127212.77,48438.47
CA01158,P001,19,22,40836.98,16990.16
CA01159,P002,19,26,37609.29,17148.88
CA01160,P007,19,24,49621.81,16557.45
CA01161,P003,9,9,33552.15,13134.32
CA01161,P002,16,17,39208.88,18138.53
CA01162,P008,19,20,199847.87,74085.69
CA01163,P003,27,35,162172.14,61226.86
CA01164,P006,14,17,29868.39,8846.57
CA01164,P008,23,24,281635.45,102401.38
CA01165,P004,19,19,45013.31,16053.19
CA01165,P008,18,21,60730.82,23609.10
CA01166,P003,15,15,46365.20,18998.38
CA01167,P003,16,18,54279.94,22685.77
CA01168,P007,10,12,17636.92,5394.46
CA01169,P002,21,22,45300.86,21389.55
CA01169,P007,20,24,23553.59,7597.20
CA01170,P008,43,56,252336.10,85097.04
CA01170,P001,11,12,15713.94,7084.80
CA01171,P004,35,41,209107.77,70317.92
CA01171,P008,22,25,172746.59,58495.51
CA01172,P005,20,23,290357.37,95620.91
CA01173,P002,5,5,25503.22,11647.88
CA01174,P002,18,19,163240.63,72354.97
CA01174,P008,23,26,546337.26,188152.03
CA01175,P007,18,23,21782.81,7459.63
CA01176,P001,29,30,40015.59,16714.55
CA01177,P008,21,22,120062.87,46572.32
CA01178,P001,12,15,78894.83,32770.68
CA01179,P005,25,32,70565.63,22340.30
CA01180,P004,21,24,92474.02,34333.06
CA01181,P008,29,31,246597.27,85867.43
CA01182,P003,29,35,168626.69,71241.81
CA01183,P006,36,46,151490.56,39070.62
CA01184,P002,9,11,20664.08,9508.75
CA01185,P003,20,27,206476.02,78449.39
CA01185,P004,11,13,137647.97,48042.63
CA01185,P005,22,29,335029.48,122010.66
CA01186,P006,5,5,504.00,145.95
CA01187,P007,7,9,28833.74,9633.88
CA01188,P007,16,17,15161.94,4563.48
CA01189,P007,21,28,97259.01,28853.95
CA01190,P002,16,19,80345.83,35956.70
CA01191,P005,17,19,157585.29,55815.92
CA01191,P004,9,12,75169.58,23849.34
CA01192,P005,17,18,51977.39,17867.27
CA01192,P006,20,21,15236.51,4026.10
CA01193,P003,22,29,98841.82,36925.55
CA01193,P008,2,2,16005.07,5676.87
CA01194,P004,15,17,43213.01,14563.26
CA01195,P007,17,19,14575.78,4821.00
CA01196,P005,37,42,242423.52,83457.89
CA01197,P006,18,19,12186.34,3350.01
CA01198,P005,10,12,26249.17,9571.63
CA01199,P006,25,26,44014.18,13518.31
CA01200,P004,15,18,66871.67,22265.12
CA01201,P004,15,18,70097.21,26200.83
CA01202,P001,11,13,13870.72,6192.70
CA01203,P002,19,21,80938.60,34520.84
CA01204,P007,21,25,689.77,222.99
CA01204,P002,18,20,1405.28,649.11
CA01205,P004,18,19,171658.45,55236.26
CA01206,P003,19,23,108318.57,44355.28
CA01206,P007,11,12,25900.82,7915.96
CA01207,P004,5,5,16294.52,5539.34
CA01207,P007,14,16,14045.82,4170.29
CA01208,P008,23,29,408349.15,138237.31
CA01208,P002,10,12,62153.22,28642.49
CA01209,P004,17,23,63954.98,23528.43
CA01210,P002,26,33,113753.79,50787.31
CA01211,P007,16,18,56692.94,16950.22
CA01212,P006,16,17,40504.65,11538.15
CA01213,P001,8,9,24209.96,9643.22
CA01214,P006,24,25,46196.61,14034.60
CA01215,P006,21,24,22528.10,6475.42
CA01215,P001,20,22,32821.08,14028.57
CA01216,P007,17,20,52284.85,15621.70
CA01217,P007,14,15,23070.02,7132.99
CA01218,P004,23,26,120202.74,44548.92
CA01219,P008,29,33,16880.65,6455.74
CA01220,P008,15,16,54336.99,21227.56
CA01220,P001,18,20,18572.33,7945.67
CA01220,P002,10,12,13938.71,6487.71
CA01221,P003,19,21,48397.11,19379.85
CA01222,P004,31,36,77395.49,26676.04
CA01222,P007,25,29,20950.72,7025.05
CA01223,P007,8,9,25614.80,8643.80
CA01223,P003,7,9,60806.06,24050.87
CA01224,P007,22,27,26154.53,8584.93
CA01225,P004,22,29,110630.98,37099.93
CA01225,P007,11,12,18294.66,5992.01
CA01226,P004,27,29,73256.07,24683.07
CA01227,P007,5,6,17979.27,5863.61
CA01227,P005,15,17,173804.14,62329.90
CA01228,P004,16,16,41238.10,15225.35
CA01228,P005,18,23,54214.76,18127.77
CA01229,P002,21,25,45510.88,20312.25
CA01230,P006,21,25,19100.06,4958.85
CA01231,P001,13,15,18649.70,7710.68
CA01231,P004,27,31,102647.17,37845.80
CA01232,P008,13,13,46268.91,16172.34
CA01233,P008,15,18,165506.81,62041.60
CA01234,P001,19,24,105601.03,42734.17
CA01234,P007,12,16,50604.37,17099.00
CA01235,P006,23,27,85113.99,22073.88
CA01236,P002,25,30,96593.99,44552.90
CA01237,P003,21,27,118646.14,43772.97
CA01238,P002,22,29,28673.13,13095.38
CA01239,P002,29,34,140469.05,66805.23
CA01240,P003,32,34,250089.80,98354.20
CA01240,P008,14,17,187940.27,62973.46
CA01241,P004,17,19,67872.10,22445.28
CA01242,P001,18,19,73982.45,33551.12
CA01242,P008,23,28,360894.19,121927.44
CA01243,P008,23,27,298457.02,113948.19
CA01243,P007,13,13,42752.89,14644.41
CA01244,P002,20,21,23817.79,11055.20
CA01245,P002,23,31,100760.55,43346.23
CA01246,P003,23,24,107669.91,41854.15
CA01246,P001,21,27,45122.65,18991.94
CA01247,P003,25,26,83965.59,34030.88
CA01248,P006,10,12,16545.63,4609.60
CA01249,P003,18,20,283031.32,110662.65
CA01250,P002,9,11,10571.49,4935.87
CA01251,P005,35,38,460985.49,162813.63
CA01251,P003,13,13,121332.82,51424.44
CA01251,P006,22,28,73932.24,19689.42
CA01252,P003,18,22,62449.93,24911.43
CA01253,P008,26,34,668679.23,248202.97
CA01253,P001,11,13,74537.28,31854.24
CA01254,P004,16,17,113835.94,38737.64
CA01255,P003,20,24,257243.75,107998.84
CA01256,P002,13,14,72192.25,34428.45
CA01257,P008,21,25,471616.27,183266.76
CA01258,P008,17,21,126509.13,45516.27
CA01258,P002,12,13,36289.95,16880.83
CA01259,P005,24,25,259569.58,84665.54
CA01260,P007,18,21,65100.00,19167.28
CA01260,P005,13,16,168879.38,57505.67
CA01261,P003,30,37,937.79,385.69
CA01261,P002,11,11,338.31,149.39
CA01262,P008,8,9,173128.98,61154.37
CA01262,P005,25,31,382059.06,129085.58
CA01263,P002,25,29,102371.36,47194.75
CA01264,P008,26,27,438265.95,149441.56
CA01265,P004,24,31,129520.31,42335.89
CA01266,P004,17,19,195740.84,71813.52
CA01266,P002,13,16,69447.43,33239.90
CA01267,P008,23,26,588672.38,198489.38
CA01268,P007,27,29,88153.30,28965.06
CA01268,P003,9,9,80387.88,31933.62
CA01269,P001,24,30,75619.70,33650.25
CA01270,P008,18,20,86596.59,29822.81
CA01271,P006,13,14,12611.76,3746.38
CA01272,P004,26,30,276110.30,96993.81
CA01273,P008,8,9,52015.53,20353.41
CA01274,P002,21,22,58136.85,27652.59
CA01275,P003,12,13,30414.42,12206.74
CA01276,P001,17,19,99217.27,44620.23
CA01277,P003,12,12,38379.80,15496.98
CA01277,P007,20,23,29982.78,9781.77
CA01278,P008,18,18,258146.56,101488.49
CA01279,P004,20,22,305061.20,111394.59
CA01280,P005,29,36,248007.97,87212.40
CA01281,P001,19,22,21608.55,9289.91
CA01282,P006,28,33,33491.90,8545.98
CA01282,P005,25,26,134561.73,43743.42
CA01282,P002,28,32,72990.60,34758.04
CA01283,P002,17,18,38555.71,17825.74
CA01284,P002,20,24,56484.73,24187.19
CA01285,P001,17,20,134957.94,60632.96
CA01286,P001,7,9,12028.99,5389.92
CA01287,P003,20,23,132901.07,52985.54
CA01288,P006,21,25,50428.86,13220.31
CA01289,P008,23,26,126540.63,42809.02
CA01290,P004,23,24,116106.63,37356.06
CA01290,P002,5,5,14127.87,6839.91
CA01291,P003,16,18,69542.79,27876.21
CA01292,P007,15,16,57375.28,19373.68
CA01293,P001,28,31,171439.05,74510.08
CA01293,P006,21,25,86101.16,22219.63
CA01294,P008,19,22,143877.82,48315.53
CA01295,P007,21,28,19392.97,5918.80
CA01296,P001,21,27,30780.25,13471.01
CA01297,P006,18,20,85557.89,23238.89
CA01298,P001,18,20,30608.05,13512.71
CA01299,P001,5,6,11041.00,4498.62
CA01300,P002,26,34,253992.65,122095.40
CA01301,P006,18,21,200.42,55.34
CA01302,P005,21,24,68703.96,21402.19
CA01302,P007,15,19,14006.23,4090.67
CA01303,P006,27,31,23972.71,7218.87
CA01304,P002,24,29,54094.72,25532.25
CA01305,P002,18,18,120044.28,54863.35
CA01306,P005,19,22,226860.38,79691.04
CA01306,P007,19,21,72900.16,20985.01
CA01307,P006,9,10,10409.09,3156.66
CA01308,P007,13,15,14370.13,4302.45
CA01309,P001,13,14,75788.95,30963.78
CA01310,P006,27,35,20775.52,6535.72
CA01310,P005,27,36,97483.83,33410.19
CA01311,P007,27,30,34913.35,11556.58
CA01312,P004,17,23,262376.13,89562.32
CA01313,P004,40,54,392927.79,125028.73
CA01314,P005,24,26,121573.50,40044.79
CA01314,P001,12,16,21240.61,8691.96
CA01314,P004,33,40,153154.83,52237.78
CA01315,P008,15,20,4675.51,1655.76
CA01315,P002,16,19,5962.67,2711.79
CA01316,P006,16,19,47408.79,12606.68
CA01317,P008,17,22,143103.88,54167.40
CA01318,P006,30,41,38160.91,11591.48
CA01319,P005,34,42,248673.05,79949.36
CA01320,P002,9,11,735.39,322.23
CA01320,P001,4,4,733.14,295.50
CA01321,P001,1,1,2240.70,1013.15
CA01322,P004,30,40,122546.18,39378.26
CA01323,P004,1,1,9333.51,3410.67
CA01324,P002,18,20,50188.15,23975.22
CA01324,P005,31,32,159561.73,55347.71
CA01325,P002,27,30,245883.32,113647.57
CA01326,P008,17,20,313998.28,123521.24
CA01326,P006,11,11,36734.82,9705.87
CA01326,P002,11,14,73498.82,31746.42
CA01327,P006,17,20,61183.45,16259.20
CA01328,P001,11,11,59062.06,25474.05
CA01328,P007,24,25,118077.75,35730.47
CA01328,P005,21,25,316546.27,100752.97
CA01329,P006,17,22,12585.99,3384.78
CA01330,P006,16,17,11998.73,3485.78
CA01331,P004,31,34,106229.03,37376.56
CA01332,P001,16,18,44432.75,19754.47
CA01332,P003,25,32,160889.27,59147.11
CA01333,P002,30,35,219421.43,99693.50
CA01334,P006,15,20,37611.24,10776.22
CA01335,P001,17,19,32743.27,14731.47
CA01335,P007,22,30,35950.60,10730.89
CA01336,P007,8,10,13047.19,4107.51
CA01336,P002,19,25,53333.71,25631.06
CA01336,P004,26,27,138312.08,43962.42
CA01337,P006,22,24,15688.67,4708.85
CA01338,P001,10,12,12222.69,5166.49
CA01339,P003,12,12,121805.31,50879.74
CA01339,P001,13,14,57607.70,25191.32
CA01340,P001,22,24,40658.25,16270.13
CA01341,P006,11,13,18253.79,5615.74
CA01342,P005,13,16,110229.74,39013.05
CA01343,P001,9,9,22919.67,10336.93
CA01344,P006,9,10,12181.24,3612.28
CA01344,P008,9,9,78282.46,29371.17
CA01345,P007,14,15,18412.58,5345.53
CA01346,P008,15,19,120568.18,46591.69
CA01347,P007,17,21,25622.49,8548.34
CA01347,P004,6,7,27224.88,8752.24
CA01347,P003,17,19,63938.53,23654.80
CA01348,P007,6,8,7265.08,2339.56
CA01348,P003,22,24,71345.51,29673.93
CA01349,P004,15,18,96706.83,33240.79
CA01350,P008,16,19,92442.36,34523.10
CA01351,P008,6,6,56579.40,19897.02
CA01351,P001,16,20,37705.25,16680.76
CA01352,P006,13,15,9584.81,3012.18
CA01352,P007,23,25,24445.06,7450.62
CA01353,P003,12,12,75398.74,28763.87
CA01354,P007,16,17,24003.35,8051.74
CA01355,P003,25,33,282557.10,117057.87
CA01355,P008,29,35,549828.45,213513.36
CA01356,P002,27,37,177983.08,75716.61
CA01357,P007,28,37,6828.28,2313.96
CA01357,P001,17,21,814.18,332.00
CA01358,P004,33,40,245386.45,85540.63
CA01358,P002,4,4,15978.64,7144.65
CA01359,P001,18,20,104993.97,42511.79
CA01360,P008,7,7,46200.15,15772.17
CA01361,P001,33,40,232905.94,102451.14
CA01362,P003,31,41,285339.00,114165.54
CA01363,P001,25,26,134630.75,55531.81
CA01364,P003,15,16,220691.68,86626.46
CA01364,P001,35,39,245536.98,109381.81
CA01365,P008,22,23,204847.13,76862.67
CA01366,P003,6,6,25924.49,9622.65
CA01367,P007,15,18,67445.30,22667.56
CA01368,P003,13,16,153797.25,63597.48
CA01368,P002,21,24,167659.47,78451.56
CA01368,P001,14,19,73559.08,30803.91
CA01369,P003,1,1,6169.52,2537.74
CA01369,P001,18,20,53819.60,22229.32
CA01370,P001,15,19,6558.92,2658.09
CA01370,P006,12,14,950.15,250.39
CA01371,P001,19,23,148016.56,62844.70
CA01372,P001,12,12,55469.24,24814.26
CA01372,P008,10,13,162381.73,63104.69
CA01373,P002,4,4,31967.49,15068.27
CA01374,P005,39,50,491551.42,163528.70
CA01374,P001,23,28,104671.70,46737.63
CA01375,P007,11,13,56496.25,18578.35
CA01375,P006,16,20,63193.46,16713.09
CA01376,P001,9,11,35944.14,15652.01
CA01377,P007,39,41,143840.12,42338.74
CA01378,P001,13,17,72491.77,31911.49
CA01379,P002,23,30,97198.47,41398.27
CA01380,P008,22,25,504699.20,192849.08
CA01380,P006,13,13,54249.27,16952.36
CA01381,P002,10,11,99280.21,45818.36
CA01382,P001,16,17,101609.82,40991.60
CA01383,P005,16,17,185131.71,67237.88
CA01384,P002,17,18,92517.74,44119.27
CA01384,P005,10,13,104584.17,34250.49
CA01385,P006,16,22,28483.89,8163.50
CA01386,P005,15,19,102329.34,34675.30
CA01387,P003,5,5,37914.49,14122.37
CA01387,P004,23,27,210443.33,71014.68
CA01388,P004,17,22,100209.63,34916.83
CA01389,P004,21,27,381234.46,125527.99
CA01390,P004,25,27,140354.62,48549.60
CA01391,P001,14,15,75622.81,32424.59
CA01392,P005,15,18,85022.96,28006.39
CA01392,P003,11,11,42228.32,16917.03
CA01393,P004,26,32,493435.57,182042.41
CA01394,P007,17,22,99653.26,31867.88
CA01395,P006,29,31,104342.26,27606.72
CA01396,P005,28,34,308382.38,104640.21
CA01396,P004,13,14,125026.31,43047.93
CA01397,P004,31,33,485150.33,163986.03
CA01398,P007,31,32,151430.24,48524.51
CA01399,P004,32,38,335366.99,123595.12
CA01400,P007,28,34,36074.55,10290.78
CA01401,P003,23,24,158063.15,63776.29
CA01402,P008,8,8,138730.74,50722.96
CA01403,P007,21,28,20330.79,5895.63
CA01404,P002,13,17,26656.42,12655.79
CA01405,P003,17,23,158065.02,59056.94
CA01406,P005,30,39,406363.00,124185.36
CA01407,P005,34,38,489850.31,158410.48
CA01407,P003,9,10,96695.25,35604.26
CA01408,P005,21,25,17233.80,5437.35
CA01408,P007,1,1,436.45,125.02
CA01409,P003,13,17,124560.05,52587.24
CA01410,P001,24,27,34892.76,15017.78
CA01411,P003,18,23,178753.12,66238.35
CA01412,P005,24,25,458541.26,153702.30
CA01413,P003,15,19,160531.11,65880.44
CA01414,P007,9,11,24352.58,7808.18
CA01415,P005,25,30,118230.70,39775.14
CA01416,P002,16,17,43099.45,20862.67
CA01417,P002,19,22,205035.69,88284.88
CA01417,P008,23,25,661157.81,257168.73
CA01418,P003,22,25,94294.45,36184.46
CA01419,P008,31,36,693442.92,234304.13
CA01420,P006,26,29,20408.42,5472.15
CA01421,P004,27,33,169676.07,56810.61
CA01422,P008,9,10,46379.49,17974.97
CA01423,P006,19,23,11196.92,3352.78
CA01423,P002,31,41,39473.58,17409.55
CA01424,P008,37,48,800097.59,277922.96
CA01425,P001,19,25,64560.89,28661.74
CA01425,P003,15,17,113198.80,45970.79
CA01426,P001,16,21,92893.55,37817.97
CA01427,P007,32,36,119524.84,38690.37
CA01428,P001,18,23,119111.66,47172.49
CA01429,P004,13,15,128570.28,41075.75
CA01430,P001,12,13,17569.52,7914.11
CA01430,P002,16,17,38490.40,17109.29
CA01431,P004,24,27,41692.34,14898.34
CA01431,P006,10,11,3032.69,913.40
CA01431,P002,9,11,5263.08,2258.19
CA01432,P005,27,35,105192.54,36023.51
CA01433,P004,21,24,28053.52,8992.38
CA01433,P008,23,27,83976.08,29291.24
CA01434,P005,36,38,162337.53,50122.05
CA01435,P003,13,14,60412.39,24464.85
CA01436,P007,26,29,136000.22,40106.50
CA01436,P006,25,28,96756.55,30104.30
CA01437,P001,20,27,39316.83,15996.71
CA01438,P004,22,25,152290.52,56707.91
CA01439,P002,19,24,116938.51,51721.60
CA01440,P006,5,6,12824.34,3437.61
CA01441,P002,19,23,60528.90,26099.09
CA01442,P005,19,20,62416.72,21101.24
CA01443,P005,19,22,120204.72,40501.58
CA01444,P008,29,38,123507.63,47908.85
CA01445,P006,24,25,14448.47,4116.17
CA01446,P006,23,30,62640.50,19448.38
CA01447,P001,1,1,1729.55,742.96
CA01448,P007,16,17,78379.08,24320.57
CA01449,P005,17,22,284893.15,99122.78
CA01450,P004,29,32,141015.14,50360.25
CA01451,P008,24,27,42107.79,14571.93
CA01452,P002,20,25,43442.20,18728.27
CA01453,P005,10,10,46997.93,16590.76
CA01453,P001,17,19,31462.36,12814.14
CA01454,P006,31,33,88765.15,23439.92
CA01455,P005,25,31,111076.48,38095.69
CA01456,P003,26,32,110602.13,43629.58
CA01456,P001,22,24,46423.30,20978.55
CA01456,P006,8,9,11933.07,3136.28
CA01457,P008,16,18,359712.75,125088.57
CA01458,P008,15,16,178034.93,60109.36
CA01459,P004,28,36,106283.19,36207.63
CA01459,P002,13,14,26614.76,12466.41
CA01460,P001,15,16,91598.58,39184.00
CA01460,P003,10,11,127233.74,46485.42
CA01461,P005,21,24,77481.21,25288.71
CA01461,P002,27,30,46942.45,22293.37
CA01462,P008,28,36,242654.20,93440.71
CA01463,P006,15,16,34909.03,9353.54
CA01464,P001,13,15,63239.04,25922.21
CA01464,P007,15,18,61915.95,19451.93
CA01465,P004,17,17,50323.01,16216.30
CA01466,P001,7,8,24260.71,10888.00
CA01466,P006,26,35,59365.39,17705.92
CA01467,P007,18,23,56900.16,19624.40
CA01468,P008,18,20,266865.60,90814.27
CA01469,P008,28,29,113147.87,43812.57
CA01470,P007,14,17,13876.64,4035.11
CA01471,P006,19,23,59239.78,18153.43
CA01472,P002,24,29,120365.24,54114.21
CA01472,P003,13,14,93900.72,39080.02
CA01473,P003,8,10,38406.03,15283.12
CA01474,P001,12,13,12461.65,5662.89
CA01475,P007,17,21,48862.23,15546.08
CA01476,P002,30,38,93366.54,44630.16
CA01477,P007,6,7,11798.18,3383.01
CA01478,P001,24,26,70648.48,31820.48
CA01478,P003,26,32,160403.84,63978.06
CA01479,P002,25,27,143833.54,67299.79
CA01480,P006,18,22,20857.40,5488.74
CA01481,P005,20,22,81002.78,24900.91
CA01482,P002,13,15,23795.70,11214.19
CA01483,P005,34,40,23844.18,7339.79
CA01484,P003,21,25,89148.47,37578.28
CA01484,P005,17,20,96732.22,30203.88
CA01485,P006,18,22,21867.94,6092.37
CA01485,P004,11,14,54046.85,17106.23
CA01486,P002,9,10,32407.34,14160.43
CA01487,P002,20,20,35075.29,16771.11
CA01488,P008,28,32,271451.54,104151.22
CA01488,P001,10,12,25959.63,11016.49
CA01488,P004,39,43,263748.01,94668.78
CA01489,P004,14,16,163758.32,57296.11
CA01490,P006,30,41,54526.85,16653.87
CA01491,P004,23,31,79199.21,24978.66
CA01492,P002,14,16,50654.38,22628.21
CA01492,P008,27,36,227077.30,78881.26
CA01493,P008,14,17,52233.91,20186.24
CA01494,P001,18,19,38496.37,16793.08
CA01494,P004,21,23,119167.53,41115.90
CA01495,P006,15,18,33502.12,9637.34
CA01496,P005,21,27,211317.47,64513.07
CA01497,P001,16,19,14257.59,5768.28
CA01497,P003,13,14,26181.85,10163.14
CA01498,P002,8,10,20002.47,9552.36
CA01499,P003,18,19,46718.88,18145.60
CA01500,P001,16,21,51226.61,20740.37
CA01500,P003,26,29,172488.18,65084.48
CA01501,P002,16,19,19105.69,8178.92
CA01502,P004,19,20,193688.85,69135.67
CA01503,P005,23,28,238561.97,81756.60
CA01504,P007,25,26,45322.73,14576.54
CA01504,P003,30,31,134420.68,56923.52
CA01505,P003,6,6,11456.36,4788.70
CA01505,P007,24,26,19650.97,6687.87
CA01505,P001,24,33,20745.41,8369.56
CA01506,P005,32,37,164295.40,54037.89
CA01506,P003,16,20,61256.23,23163.61
CA01507,P003,28,34,99421.35,38349.21
CA01507,P004,27,28,117883.55,43082.03
CA01508,P005,12,16,71544.51,24556.38
CA01508,P006,16,18,23172.50,6400.37
CA01508,P004,25,33,154839.67,54225.51
CA01509,P003,21,23,34924.80,14322.40
CA01509,P005,27,33,57200.47,19881.82
CA01509,P004,14,16,25628.42,9328.15
CA01510,P004,28,36,118218.82,43958.77
CA01511,P001,22,29,18890.29,7954.76
CA01512,P007,19,25,26567.86,8109.05
CA01513,P008,9,9,118365.60,43752.51
CA01514,P007,29,38,17732.39,6043.87
CA01514,P008,23,24,69421.53,24855.88
CA01514,P004,15,19,32350.26,10724.30
CA01515,P002,7,7,12824.90,5457.06
CA01515,P001,14,18,17416.44,7701.33
CA01516,P003,6,7,21727.18,8687.96
CA01517,P002,13,14,43034.27,19901.21
CA01517,P006,18,24,25687.60,7321.61
CA01518,P005,21,22,59793.96,20613.10
CA01518,P006,11,11,7168.13,1999.84
CA01519,P004,18,21,140206.84,47643.11
CA01520,P006,26,28,32126.28,10031.89
CA01521,P006,18,23,16645.66,4536.15
CA01522,P005,10,11,85239.67,29365.66
CA01522,P001,20,27,59535.85,26017.86
CA01523,P003,9,10,28799.83,10714.47
CA01523,P002,8,9,17790.01,8139.33
CA01524,P007,26,28,2543.70,835.20
CA01524,P004,14,18,6265.57,2162.50
CA01524,P008,32,35,24091.50,8547.63
CA01525,P002,25,27,47352.77,21171.52
CA01526,P003,2,2,14115.46,5788.47
CA01526,P007,12,13,31187.08,10704.22
CA01527,P005,21,25,87991.36,30487.46
CA01528,P004,22,27,52643.82,17454.34
CA01529,P006,13,16,8387.71,2484.55
CA01530,P004,37,39,93545.45,30448.45
CA01531,P001,19,20,92156.77,37887.88
CA01532,P007,22,23,43693.79,13880.01
CA01533,P002,23,31,4407.31,1927.25
CA01533,P004,15,19,2748.10,989.18
CA01534,P004,16,18,76462.67,28429.40
CA01535,P004,17,17,48034.11,16816.00
CA01536,P002,14,18,57234.01,25541.77
CA01537,P003,16,19,4569.96,1703.23
CA01538,P005,16,17,41143.28,14566.28
CA01539,P003,12,14,35714.80,13549.40
CA01540,P005,37,42,427900.86,149584.81
CA01541,P003,13,16,76829.64,29450.81
CA01542,P008,21,25,364335.64,126910.71
CA01543,P007,18,19,6706.56,2193.76
CA01544,P004,36,40,346740.82,124951.29
CA01544,P005,24,26,263186.03,84795.94
CA01545,P004,19,25,49952.33,16056.81
CA01545,P007,20,26,14885.35,4326.80
CA01546,P001,21,22,58013.91,23696.01
CA01547,P006,14,16,7292.45,2127.88
CA01548,P002,25,34,152364.70,71505.70
CA01549,P001,29,39,46067.99,20287.45
CA01549,P003,8,9,27334.89,11346.20
CA01550,P007,18,20,66120.25,19418.08
CA01551,P005,13,16,35662.71,12373.76
CA01552,P005,22,25,296897.27,104799.07
CA01553,P005,40,44,398527.40,124779.49
CA01554,P007,13,17,16667.03,5520.40
CA01555,P008,23,28,371082.09,138748.80
CA01556,P004,21,28,100915.74,31897.44
CA01557,P007,13,15,15144.35,4424.66
CA01558,P007,16,17,26541.70,8490.96
CA01559,P008,29,34,177911.54,68962.46
CA01560,P005,26,35,132714.76,44530.59
CA01561,P003,26,35,226523.46,84247.32
CA01561,P008,22,27,346744.29,121484.51
CA01562,P002,16,21,20597.94,9571.62
CA01563,P002,24,31,31736.22,14671.70
CA01563,P007,18,19,13665.57,4164.09
CA01564,P002,6,6,10938.01,4745.28
CA01565,P005,8,8,94197.26,32853.10
CA01565,P006,22,27,52759.54,14788.51
CA01566,P006,20,23,16742.66,4987.62
CA01566,P008,4,4,19068.16,6923.93
CA01567,P004,26,27,203740.22,76166.30
CA01568,P005,24,27,174988.63,55178.41
CA01569,P003,12,15,82308.86,32557.91
CA01570,P004,31,34,340099.75,121739.41
CA01571,P008,20,25,135275.97,48358.57
CA01572,P005,7,8,15016.16,5350.81
CA01573,P008,14,15,37954.50,13103.19
CA01574,P003,14,16,136110.80,50046.66
CA01574,P006,27,34,87077.11,23862.57
CA01575,P005,16,21,150618.79,48149.75
CA01576,P007,14,15,13010.76,4297.41
CA01577,P002,20,26,139794.14,66372.48
CA01578,P007,18,21,44701.27,14990.96
CA01579,P006,26,29,21250.65,5580.69
CA01580,P001,20,23,27288.05,11763.36
CA01581,P005,16,21,135988.22,46569.11
CA01582,P001,22,24,4522.48,1788.03
CA01583,P003,11,13,76970.37,31834.62
CA01583,P001,6,8,18565.65,7821.17
CA01584,P005,13,15,126690.29,42702.13
CA01585,P008,32,35,569023.60,206369.00
CA01585,P006,28,33,82599.06,24969.67
CA01586,P005,32,40,148363.69,53273.82
CA01587,P005,4,4,50841.90,17025.11
CA01587,P007,18,24,70679.19,23297.29
CA01587,P008,16,17,256920.41,98989.15
CA01588,P005,20,21,359965.60,119225.68
CA01589,P002,9,9,16789.76,7262.00
CA01589,P008,13,16,64871.88,25579.79
CA01590,P008,20,25,395377.91,141625.80
CA01591,P001,15,19,31972.35,14052.21
CA01592,P005,23,26,73719.93,25914.04
CA01593,P002,12,15,29840.91,14166.84
CA01594,P007,14,17,24030.19,6966.23
CA01595,P007,15,18,47098.13,16102.94
CA01596,P004,23,30,255212.55,85305.27
CA01597,P006,21,25,64557.62,17070.79
CA01597,P002,12,14,79784.78,35713.50
CA01598,P002,14,15,67263.03,30104.32
CA01599,P004,21,22,66473.21,24342.23
CA01600,P004,22,25,262825.50,92776.09
CA01601,P001,12,14,25245.25,11294.75
CA01602,P007,16,16,81586.83,23514.09
CA01603,P002,31,40,172612.49,75781.64
CA01603,P001,21,26,77217.64,32960.23
CA01604,P003,13,18,27988.05,11487.68
CA01604,P007,15,17,14002.15,4169.03
CA01604,P004,28,31,81790.73,26636.13
CA01605,P002,16,20,110637.81,50886.19
CA01606,P003,20,24,63434.50,23635.62
CA01607,P005,11,14,75770.91,26889.91
CA01608,P007,19,22,65195.82,18899.67
CA01608,P002,27,28,162126.70,72245.82
CA01608,P004,33,39,345965.56,115462.49
CA01609,P006,18,19,38389.31,10374.76
CA01610,P006,10,12,12724.73,3926.49
CA01611,P006,14,17,13293.51,3684.39
CA01611,P001,32,43,44922.59,17956.06
CA01612,P006,5,5,14072.06,3721.74
CA01612,P001,6,6,29011.76,13059.47
CA01613,P005,22,24,115445.79,36838.64
CA01614,P003,8,10,51871.70,20589.50
CA01615,P003,3,3,20896.58,8254.91
CA01615,P006,25,30,59937.08,17087.19
CA01616,P006,25,26,77143.08,23720.60
CA01617,P007,15,16,25712.75,8693.36
CA01618,P004,32,35,9084.36,3005.33
CA01619,P006,1,1,1021.02,298.48
CA01619,P001,24,31,42635.35,18218.19
CA01620,P007,24,30,68682.70,21940.54
CA01621,P007,6,6,6579.66,1935.04
CA01622,P001,21,21,96269.77,41180.48
CA01623,P005,30,34,179046.48,64223.71
CA01623,P003,16,21,68711.25,25966.76
CA01624,P008,23,24,476168.71,177417.33
CA01625,P006,23,25,59945.78,17892.32
CA01625,P004,21,25,222253.39,70973.20
CA01626,P004,5,5,53878.80,18660.85
CA01627,P008,1,1,18300.70,7072.41
CA01627,P002,16,17,108833.39,52254.73
CA01628,P001,12,14,21792.76,9467.99
CA01629,P001,16,18,93915.07,40940.80
CA01629,P007,37,41,184354.45,55749.25
CA01629,P004,15,17,230701.11,83076.08
CA01630,P003,2,2,19006.69,7108.29
CA01631,P002,25,26,36506.60,15691.93
CA01631,P006,20,22,11627.31,3301.56
CA01631,P008,26,27,98640.94,37348.30
CA01632,P001,16,21,66643.88,28013.69
CA01632,P003,27,34,222670.57,91569.80
CA01633,P006,25,29,95013.43,25870.57
CA01634,P004,31,40,133110.30,43399.04
CA01634,P007,20,24,27739.74,8675.29
CA01635,P006,7,8,4983.70,1409.35
CA01636,P007,16,21,2066.82,704.98
CA01637,P004,24,30,70722.63,23668.69
CA01637,P007,15,15,13361.51,4315.01
CA01638,P004,8,10,21409.18,7703.11
CA01639,P003,19,25,153970.82,64851.59
CA01640,P004,16,18,181656.22,63369.40
CA01641,P005,1,1,3782.08,1338.17
CA01642,P006,18,20,23444.82,6261.93
CA01643,P004,22,25,110581.87,36946.55
CA01644,P006,14,17,46874.30,14124.71
CA01644,P002,20,22,142374.26,60924.08
CA01645,P003,20,21,78478.74,29027.14
CA01646,P004,33,34,452114.62,142528.11
CA01647,P003,10,10,104175.47,38548.64
CA01648,P008,17,19,127579.33,49513.77
CA01649,P008,20,25,181272.48,61326.91
CA01650,P002,18,22,82883.30,38709.85
CA01651,P006,24,32,29341.14,8365.27
CA01652,P004,21,23,247069.55,82764.81
CA01652,P008,26,30,451590.89,163307.25
CA01653,P005,24,25,400133.16,128465.02
CA01653,P008,7,9,150218.58,54973.03
CA01654,P004,14,16,95666.39,34258.28
CA01655,P004,28,37,83954.87,29969.33
CA01656,P004,18,21,251118.86,90626.26
CA01656,P007,29,30,136461.36,44739.64
CA01656,P003,14,15,168665.94,66968.99
CA01657,P006,24,28,22721.24,6589.73
CA01658,P003,12,12,164059.48,61968.15
CA01659,P007,8,11,37544.19,12233.52
CA01659,P004,11,12,132787.95,48072.19
CA01660,P007,13,17,68022.96,19791.94
CA01661,P007,19,25,27898.70,8917.24
CA01661,P002,17,19,40514.24,19538.75
CA01662,P002,22,29,147906.55,67219.49
CA01663,P005,37,49,233113.17,80232.02
CA01663,P001,8,10,16566.71,7153.04
CA01664,P004,5,5,21367.03,7854.15
CA01665,P008,22,28,208493.33,79548.48
CA01666,P003,23,25,121250.39,50075.69
CA01666,P008,13,13,113778.40,43989.54
CA01666,P005,28,36,190013.90,66257.36
CA01667,P008,19,20,263820.87,89284.86
CA01668,P008,18,23,217832.76,84411.18
CA01668,P006,29,34,57471.26,16790.45
CA01669,P005,29,30,113175.83,38541.51
CA01670,P006,19,22,30025.38,9185.78
CA01671,P004,22,29,53501.97,19486.97
CA01671,P008,29,35,108707.37,41443.86
CA01672,P004,19,23,80957.68,29480.26
CA01673,P006,21,24,61203.98,15866.18
CA01674,P008,18,21,56912.34,20259.38
CA01675,P001,21,27,54438.70,21582.44
CA01676,P008,22,22,84241.15,32032.36
CA01677,P006,1,1,1114.73,325.97
CA01678,P006,20,22,48844.53,14008.84
CA01679,P005,24,25,160988.50,52410.13
CA01680,P004,24,27,63308.78,20494.79
CA01681,P004,32,34,122211.07,41789.17
CA01682,P004,16,22,147273.70,46824.68
CA01683,P006,11,13,23435.71,6806.65
CA01684,P008,13,14,49421.50,17118.07
CA01685,P007,10,10,16243.97,4858.15
CA01686,P004,20,21,126487.78,46934.27
CA01687,P002,11,13,67869.70,29040.53
CA01687,P007,15,16,57863.01,19410.03
CA01687,P004,14,17,184927.84,58587.18
CA01688,P007,17,20,21061.48,6533.36
CA01688,P006,9,10,8038.47,2384.04
CA01689,P008,21,22,322624.25,122001.41
CA01689,P001,14,15,50106.96,21816.57
CA01689,P004,22,24,220570.96,77445.86
CA01690,P005,10,11,76150.90,25728.80
CA01691,P003,15,20,179031.03,75281.18
CA01692,P004,50,64,128033.45,43216.71
CA01692,P007,8,9,7607.44,2322.33
CA01693,P004,20,26,253536.18,85592.72
CA01694,P001,15,16,17480.07,7348.15
CA01695,P004,27,35,117913.65,38319.90
CA01695,P007,15,18,20211.06,6260.31
CA01696,P003,14,17,37122.87,14943.01
CA01696,P007,27,30,27342.74,9032.27
CA01697,P005,23,27,119724.01,41587.33
CA01698,P005,10,12,70220.19,24444.14
CA01699,P007,22,27,80225.39,23050.85
CA01699,P001,28,30,122897.42,48717.79
CA01700,P008,20,24,137791.13,51458.00
CA01701,P002,17,21,36681.50,17088.04
CA01702,P004,26,29,238158.50,82730.13
CA01703,P001,5,6,11006.37,4766.60
CA01704,P008,24,25,162490.30,59186.61
CA01704,P005,18,24,99474.70,35131.60
CA01704,P004,20,22,99333.76,35830.37
CA01705,P006,12,15,29737.18,7664.63
CA01705,P008,16,21,228827.57,88569.24
CA01706,P005,28,31,221729.57,73892.62
CA01707,P005,17,18,280343.15,93982.96
CA01708,P005,6,7,74606.02,25662.05
CA01709,P001,24,30,30773.14,13252.69
CA01709,P002,32,44,60348.27,25813.72
CA01710,P007,35,38,74774.07,21637.61
CA01710,P006,6,7,9416.58,2681.15
CA01711,P002,16,21,28275.81,12130.06
CA01711,P003,22,27,62850.10,26281.56
CA01712,P004,17,21,170606.01,56600.30
CA01712,P008,32,43,411514.39,159309.07
CA01713,P005,25,31,414911.50,130046.09
CA01713,P002,13,15,124989.33,55956.95
CA01713,P007,6,7,32468.23,9426.44
CA01714,P001,14,18,15668.65,6888.98
CA01715,P006,22,24,64358.54,17308.64
CA01716,P003,17,17,64455.78,25027.98
CA01717,P007,12,14,16136.94,4742.34
CA01717,P002,16,18,40137.08,18885.62
CA01718,P004,22,24,73360.29,24520.42
CA01718,P007,18,24,18823.89,6457.96
CA01719,P007,21,24,22708.44,7132.68
CA01720,P001,1,1,67.41,28.54
CA01720,P005,23,24,5319.97,1924.39
CA01721,P008,15,20,121199.66,43918.53
CA01721,P007,15,15,28677.73,9025.71
CA01722,P002,8,10,70552.78,33829.11
CA01723,P007,30,34,75528.60,22468.53
CA01724,P006,13,14,55015.72,15796.23
CA01724,P001,10,12,61940.93,27290.06
CA01725,P002,27,29,159535.65,68664.14
CA01726,P001,33,41,50633.62,22161.16
CA01726,P008,17,18,118076.91,43226.38
CA01727,P006,10,11,15404.62,4363.72
CA01727,P005,28,30,157800.69,48429.64
CA01727,P003,30,32,152478.44,60590.30
CA01728,P008,15,15,304356.28,112489.47
CA01729,P006,16,19,24619.34,6637.94
CA01730,P004,27,35,144720.70,54156.51
CA01730,P008,15,15,98519.35,33124.22
CA01731,P002,8,10,42778.91,19473.98
CA01732,P002,8,8,18641.96,7925.56
CA01733,P006,16,21,19934.07,5749.45
CA01734,P003,9,11,45573.61,18471.56
CA01734,P004,25,30,159770.59,57904.39
CA01735,P007,12,12,59710.87,18985.68
CA01735,P004,21,22,310024.17,113683.75
CA01736,P003,13,15,2889.35,1073.05
CA01736,P008,14,17,23168.01,8721.93
CA01737,P007,22,25,69151.11,20788.11
CA01737,P005,26,28,294745.31,92921.72
CA01738,P003,20,23,295433.08,110784.91
CA01739,P008,11,12,120925.33,42183.71
